company_name_1,company_name_2,person_name,position
中國石油化工,国务院国有资产监督管理委员会,"张玉卓,马永生,陈月明,时欢,王丽丽,吴献东,余夕志,张玉清,赵东,熊维平,邱发森","董事长,总经理,董事,董事,董事,董事,董事,董事,董事,董事,监事会主席"
中國石油天然氣,国务院国有资产监督管理委员会,"戴厚良,章建华,黄龙,刘国胜,李毓华,王久玲,汪世宏,章建华,杜渊泉,仇凯","董事长,总经理,董事,董事,董事,董事,董事,董事,监事会主席,监事"
中國建築,中国建筑工程总公司,"中国中化集团公司,宝钢集团有限公司,中国石油天然气集团公司,周乃翔,贾谌,杨春锦,余海龙,郑昌泓,郑学选,郜烈阳,李剑波,卢彦斌,宁望楚,王小生,张旭,张海峰,杨晓东,周圣,米翔,王肇武,王瑾,龙卫国,张峻铭","董事长,独立董事,独立董事,独立董事,独立董事,董事,监事会主席,监事,监事,监事"
中國平安保險,马明哲,"谢永林,蔡方方,储一昀,葛明,刘崇,刘宏,李源祥,欧阳辉,任汇川,莫丽霞","董事长,总经理,董事,董事,董事,董事,董事,董事,董事,董事"
上海汽車,陈虹,"金麒,李乐平,李国明",总经理
中國工商銀行,中央汇金投资有限责任公司,"陈四清,谷澍,胡祖六,梁定邦,沈思,杨绍信,曹利群,冯卫东,廖林,申丹,徐国荣,张鑫,陈虹,尹冰,祝刚刚,刘俊恒,张新潮,徐莉,华昌庚","董事长,副董事长,独立董事,独立董事,独立董事,独立董事,独立董事,董事,董事,董事"
中國中鐵,中国铁路工程集团有限公司,"陈云,陈文健,郭培章,闻宝满,郑清智,马宗林,王士奇,章献,张宗言,钟瑞明,张润文,卢勃,郑联伟,吴俊,张海彬,李顺平,王伟,杨宗林,黄天德,龙明华","董事长,总经理,独立董事,独立董事,独立董事,董事,董事,董事,董事,董事"
中國移動,国务院国有资产监督管理委员会,"杨杰,董昕,陈旭,车尚轮,贾谌,王炳华,王宇航,郑杰,左群声,董树奎,周舟,刘昕,刘耕,徐海勇,刘正利,刘扶建,耿龙元,李吉福,刘坚,李胜","董事长,总经理,董事,董事,董事,董事,董事,董事,董事,董事,监事会主席"
中國鐵建,中国铁道建筑总公司,"汪建平,庄尚标,承文,路小蔷,王化成,辛定华,陈大洋,葛付兴,刘汝臣,杜水波,金守华,孟文林,琚建明,刘虎军,陆晓辉,金守华","董事长,总经理,董事,独立董事,独立董事,独立董事,独立董事,董事,董事,董事,监事会主席"
中國建設銀行,中央汇金投资有限责任公司,"国家电网公司,中国长江电力股份有限公司,中国建银投资有限责任公司,田国立,刘桂平,冯婉眉,麦卡锡,钟嘉年,冯冰,田博,郭威位,李惠珠,杨国宁,方江伟,王玉,牛媛媛,刘乃华,吕蕾,杨耀","董事长,经理,副董事长,独立董事,独立董事,独立董事,独立董事,董事,董事,董事,董事"
中國人壽保險,王滨,"梁爱诗,汤欣,张祖同,利明光,刘慧敏,苏恒轩,王军辉,徐海峰,尹兆君,姜百钱,秦毅,陈奕伶,苏鸿燕,杨天航,康建新,孙连璐,张小刚,马冲,姚丽君","董事长,独立董事,独立董事,独立董事,董事,董事,董事,董事,董事,董事"
中國農業銀行,中央汇金投资有限责任公司,"中华人民共和国财政部,谷澍,张青松,高美懿,黄振中,刘守英,王欣新,肖星,廖路明,李奇云,李蔚,杨楠,李晗梦,郑忠庄,苏丹丹,杨仕伟,班兰,任卓,周小梅,张兰","董事长,副董事长,独立董事,独立董事,独立董事,独立董事,独立董事,董事,董事,董事"
中國銀行,中國銀行,None,None
中國人民保險,罗熹,"王廷科,程玉琴,陈武朝,高永文,林义相,李祝用,陆健瑜,苗福生,邵善波","董事长,副董事长,总经理,董事,董事,董事,董事,董事,董事,董事,董事"
中國交通建設,中国交通建设集团有限公司,"王彤宙,王海怀,黄龙,刘茂勋,刘翔,魏伟峰,郑昌泓,赵喜安,王永彬,姚彦敏,安爱军,黄腊泉,郑鹏武,杨发克,彭亮星,孙立强,黄腊泉,卢静,齐文忠,赵天法","董事长,总经理,董事,董事,董事,董事,董事,董事,监事会主席,监事,监事"
中國恆大,中國恆大,None,None
京東商城電子商務,京東商城電子商務,None,None
中國中信,朱鹤新,"奚国华,奚国华,李庆萍,刘祝余,彭艳祥,蒲坚,宋康乐,王斌,于洋","董事长,总经理,副董事长,董事,董事,董事,董事,董事,董事,董事"
碧桂園控股,碧桂園控股,None,None
中國電信,国务院国有资产监督管理委员会,"柯瑞文,李正茂,陈月明,段洪义,李跃,邵广禄,孙玉德,王用生,向兵,国一民,卢利宾,刘建新,董波,张旭,刘鹏,钟霞,马军旗,傅兴旺,赵文杰,潘永辉","董事长,总经理,董事,董事,董事,董事,董事,董事,董事,董事,监事会主席"
聯想控股,中国科学院国有资产经营有限责任公司,"北京联持志远管理咨询中心(有限合伙),中国泛海控股集团有限公司,北京联恒永信投资中心(有限合伙),柳传志,朱立南,宁旻,黄少康,唐旭东,陈绍鹏,宁旻,郝荃,马蔚华,印建安,李蓬,索继栓,杨建华,赵令欢,朱立南,高强","董事长,独立董事,独立董事,独立董事,董事,董事,董事,董事,董事,监事会主席"
中國太平洋保險,孔庆伟,"傅帆,黄迪南,JOHN ROBERT DACEY,陈继忠,陈然,胡家骠,姜旭平,梁红,林婷懿","董事长,董事兼总经理,副董事长,董事,董事,董事,董事,董事,董事,董事"
綠地控股,绿地控股集团股份有限公司,"张玉良,孙童,张蕴,王朔妤,薛明辉,罗晓华,陆新畲,黄敏康,许敬,许松涛,冯富根,徐荣璞,丁钟森,张常青","董事长,董事,董事,监事"
阿里巴巴,淘宝(中国)软件有限公司,"浙江天猫技术有限公司,戴珊,蒋芳,张彧,冯云乐,陈文,陈文,陈文,陈文,陈文,陈文,陈文,陈文,陈文,陈文","董事长兼总经理,董事,董事,监事"
國藥控股,国药产业投资有限公司,"中国医药集团总公司,于清明,刘勇,陈方若,陈启宇,邓金栋,冯蓉丽,关晓晖,胡建伟,李培育,李智明,龚琼","董事长,董事兼总经理,董事,董事,董事,董事,董事,董事,董事,董事"
海航科技,海航科技,None,None
騰訊控股,騰訊控股,None,None
寶山鋼鐵,中国宝武钢铁集团有限公司,"邹继新,盛更红,白彦春,侯安贵,罗建川,陆雄文,田雍,谢荣,姚林龙,张克华,杨成领,郭小龙,李永祥,李忆杰,陆向东,庞远林,楼定波,蒋立诚,彭俊","董事长,董事兼总经理,董事,董事,董事,董事,董事,董事,董事,董事"
物產中大,王挺革,"宋宏炯,张波,贲圣林,顾国达,林伟青,沈建林,宋宏炯,谢伟鸣,徐方根","董事长,总经理,副董事长,董事,董事,董事,董事,董事,董事,董事"
萬科企業,郁亮,"祝九胜,黄力平,胡国斌,康典,李强强,刘姝威,王海武,吴嘉宁,辛杰,汪洋,吴启贵","董事长,总经理,董事,董事,董事,董事,董事,董事,董事,董事,董事"
中國電力建設,丁焰章,"马宗林,林石洪,潘继录,刘明江,钟艺谋,张建文,张建文,王忠禄,郝元麟","董事长,总经理"
中國聯合網路通信,石荣强,,负责人
中國冶金科工,中国冶金科工集团有限公司,"宝钢集团有限公司,国文清,吴嘉宁,任旭东,闫爱中,余海龙,张孟星,周纪昌,尹似松,褚志奇,张雁镝,宋占江,杨林贵,胡中兴","董事长,独立董事,董事,董事,董事,经理,董事,董事,监事会主席,监事,监事"
廈門建發,罗华斌,,法定代表人
中國神華能源,国家能源投资集团有限责任公司,"王祥喜,杨吉平,白重恩,陈汉文,袁国强,贾晋中,王兴中,许明军,杨吉平,杨荣明,刘定军,周平平,张小亮,何成江,刘宏荣,穆元军,张利君,任满翊,王灿利,李雪","董事长,总经理,独立董事,独立董事,独立董事,董事,董事,董事,董事,董事"
美的,美的控股有限公司,"融睿股权投资(珠海)合伙企业(有限合伙),方洪波,天津鼎晖嘉泰股权投资合伙企业(有限合伙),黄健,袁利群,黄晓明,栗建伟,方洪波,HAN JIAN,YU GANG,管清友,顾炎民,何剑锋,薛云奎,殷必彤,朱凤涛,董文涛","董事长兼总经理,董事,董事,董事,董事,董事,董事,董事,董事,监事会主席"
中國郵政儲蓄銀行,中国邮政集团有限公司,"张金良,胡湘,潘英丽,温铁军,钟瑞明,丁向明,傅廷美,郭新双,韩文博,刘尧功,徐莉君,孙爽,李元,周兰玲,黑来苏丹,张文娟,鞠英杰,张立彬,陈忠兵,吴玉兰","董事长,独立董事,独立董事,独立董事,独立董事,董事,董事,经理,董事,董事,董事"
招商銀行,缪建民,"田惠宇,付刚峰,洪小源,梁锦松,李孟刚,刘建军,刘俏,罗胜,苏敏,黄家平,张新元,李文彦,刘彬,柏丽,蔺葆菁,李明辉,黄慧子,刘恩莉,王俊","董事长,总经理,董事,董事,董事,董事,董事,董事,董事,董事,董事"
蘇寧易購,张近东,"陈金凤,赵蓓,金明,钟金顺,陈世清,丁遥,黄明端,任峻,曹群,陈振宇,方先明,刘鹏,柳世平,冼汉迪,张康阳,华志松,吴丁剑,吴丁剑,吴丁剑,吴丁剑,吴丁剑,吴丁剑,吴丁剑,吴丁剑,吴丁剑,吴丁剑","董事长,董事兼总经理,董事,董事,董事,董事,董事,董事,董事,监事"
廈門象嶼,廈門象嶼,None,None
中國海洋石油,中國海洋石油,None,None
中國能源建設,中國能源建設,None,None
中國中車,中國中車,None,None
中國建材,中國建材,None,None
江西銅業,江西銅業,None,None
交通銀行,交通銀行,None,None
廈門國貿,廈門國貿,None,None
珠海格力電器,珠海格力電器,None,None
保利發展控股,保利發展控股,None,None
青島海爾,青島海爾,None,None
中國太平保險控股,中國太平保險控股,None,None
中國鋁業,中國鋁業,None,None
小米,小米,None,None
上海浦東發展銀行,上海浦東發展銀行,None,None
上海建工,上海建工,None,None
華能國際電力,華能國際電力,None,None
廣匯汽車服務,廣匯汽車服務,None,None
兗州煤業,兗州煤業,None,None
華潤醫藥,華潤醫藥,None,None
濰柴動力,濰柴動力,None,None
上海醫藥,上海醫藥,None,None
興業銀行,興業銀行,None,None
中國民生銀行,中國民生銀行,None,None
新華人壽保險,新華人壽保險,None,None
北京汽車,北京汽車,None,None
萬洲國際,萬洲國際,None,None
中國南方航空,中國南方航空,None,None
中國國際航空,中國國際航空,None,None
中國航油,中國航油,None,None
比亞迪,比亞迪,None,None
安徽海螺水泥,安徽海螺水泥,None,None
融創中國控股,融創中國控股,None,None
華潤置地,華潤置地,None,None
河鋼,河鋼,None,None
中遠海運控股,中遠海運控股,None,None
中國再保險,中國再保險,None,None
龍湖,龍湖,None,None
中國東方航空,中國東方航空,None,None
TCL,TCL,None,None
中國光大銀行,中國光大銀行,None,None
復星國際,大连通信开发股份有限公司,"重庆市烟草公司北碚区分公司,福建华伦集团公司,中国铁路工程发包公司,中谷粮油集团公司,山西三维集团股份有限公司,深圳市宝恒集团股份有限公司,福建省五金矿产进出口公司,李晓鹏,张金良,高云龙,冯仑,霍霭玲,乔志敏,王立国,谢荣,徐洪才,蔡允革,杜翔,吴杨成,崔雄杰,张轩铭,陈超,焦燕,左露,于佳,王丽,吉媛媛","董事长,总经理,副董事长,独立董事,独立董事,独立董事,独立董事,独立董事,独立董事,董事"
中升,唐宪峰,"杜青山,黄毅,于宁","经理,董事长,董事,董事,监事"
中國華融資產管理,中国人寿保险(集团)公司,"王占峰,李欣,陈远玲,邵景春,謝孝衍,朱宁,王文杰,许诺,赵江平,郑江平,李有根,万映红,单东辉,刘富敏,李德庆,闵乙铎,赵群,柳庆红,解瑶琛,高翱","董事长,总经理,独立董事,独立董事,独立董事,独立董事,董事,董事,董事,董事"
中國信達資產管理,张子艾,"孙宝文,朱武祥,何杰平,林志权,刘冲,陆正飞,王绍双,徐珑,张国清,武泽平,陈义斌,张江雪,徐曙斌,樊志江,毕进宇,杨景,李宏胜,李洲,吴斌","董事长,独立董事,独立董事,董事,董事,董事,董事,董事,董事,董事"
吉利汽車控股,吉利汽車控股,None,None
中國通信服務,中国电信集团公司,"广东省电信实业集团公司,浙江省电信实业集团公司,张志勇,刘林飞,吕廷杰,吴太石,萧伟强,高同庆,黄晓庆,买彦州,张煦,夏江华","董事长,独立董事,独立董事,独立董事,独立董事,董事,经理,董事,董事,董事,监事会主席"
紫金礦業,闽西兴杭国有资产投资经营有限公司,"新华都实业集团股份有限公司,厦门恒兴集团有限公司,上杭县金山贸易有限公司,福建省闽西地质大队,福建省新华都工程有限责任公司,陈景河,邹来昌,蓝福生,薄少川,何福龙,李常青,李建,林泓富,林红英,毛景文,杨泽军,郑友诚,杨庶,康旭,傅飞龙,王建华,张锦章,游新连,王乾坤,刘亚建","董事长,董事兼总经理,副董事长,董事,董事,董事,董事,董事,董事,董事"
崑崙能源,孔昭东,"赵志勇,郭健,孔昭东,郭健","执行董事,经理,监事"
鞍鋼,国务院国有资产监督管理委员会,"谭成旭,戴志浩,刁钦义,顾惠忠,栗宝卿,李连华,刘杰,燕桦,张国发,李继平,林垚,张万斌,杨建伟,路景宏,李学佳,聂振勇","董事长,董事兼总经理,董事,董事,董事,董事,董事,董事,董事,监事会主席"
東風汽車,东风汽车集团股份有限公司,"日产(中国)投资有限公司,竺延风,李绍烛,内田诚,乔阳,山崎庄平,星野朝子,周先鹏,张继辉,席裕镇,马磊,杨耀辉,任勇,魏建彬,张继辉,张继辉,李必强,赵平","董事长,董事,董事,董事,董事,董事,董事,董事"
中國中煤能源,王树东,"彭毅,解国光,金克宁,刘智勇,那希志,祁泽瑞,义宝厚,董树奎,李金凤,张国新","董事长,总经理,董事,董事,董事,董事,董事,董事,董事,监事会主席,监事"
百度,李彦宏,"崔珊珊,赵坤,向海龙,向海龙,向海龙,沈抖,沈抖,沈抖,刘计平,沈抖",
上海電氣,上海电气(集团)总公司,"福禧投资控股有限公司,申能(集团)有限公司,汕头市明光投资有限公司,冷伟青,干频,李安,刘运宏,习俊通,徐建新,姚珉芳,朱兆开,董鑑华,李斌,胡康,贾廷纲,邵建明,金孝龙,肖卫华,阳虹","董事长,董事,董事,董事,董事,董事,董事,董事,监事,监事"
長城汽車,保定创新长城资产管理有限公司,"魏建军,王凤英,何平,乐英,李万军,吴智杰,杨志娟,刘倩,卢彩娟,马宇博,郭明,王印明,李瑞峰,杨国彤,王彦乐,王彦乐,马强,张国欣,穆峰,蒋俊飞","董事长,副董事长,董事,董事,董事,董事,董事,监事,监事,监事"
京東方科技,中国工商银行北京信托投资公司,"北京显像管总厂,陈炎顺,刘晓东,潘金峰,胡晓林,李轩,吕廷杰,王化成,高文宝,历彦涛,宋杰","总经理,董事长,副董事长,副董事长,独立董事,独立董事,独立董事,独立董事,董事,董事,董事"
上海鋼聯電子商務,上海兴业投资发展有限公司,"朱军红,刘跃武,贾良群,肖国树,虞瑞泰,毛杰,朱军红,高波,杜惟毅,金源,王芳,魏军锋,夏晓坤,张厚林,周旭,倪文玮,王美,张王军,张王军,陈娟,朱军红","董事长,董事兼总经理,董事,董事,董事,董事,董事,董事,董事,监事"
中國國際海運貨櫃,中國國際海運貨櫃,None,None
大唐國際發電,北京国际电力开发投资公司,"梁永磐,王森,应学军,姜付秀,刘熀松,罗仲伟,牛东晓,曹欣,陈飞虎,金生祥,张耀军,刘睿湘,梁永磐,李赓武,胡春涛,郝金玉,应学军,王顺启,李凌,魏玉萍","总经理,董事长,副董事长,执行董事,独立董事,独立董事,独立董事,独立董事,董事,董事,董事"
中國糧油控股,中國糧油控股,None,None
榮盛石化,李水荣,"项炯炯,李彩娥,李永庆,全卫英,邵毅平,严建苗,俞凤娣,郑晓东,李国庆","董事长,董事兼总经理,董事,董事,董事,董事,董事,董事,董事,监事"
湖南華菱鋼鐵,湖南华菱钢铁集团有限责任公司,"中国冶金进出口湖南公司,湖南冶金投资公司,曹志强,曹志强,管炳春,黄邵明,肖骥,谢岭,阳向宏,易佐,张建平,赵俊武","董事长,总经理,董事,董事,董事,董事,董事,董事,董事,董事"
順豐控股,王卫,"王卫,林哲莹,陈飞,邓伟栋,金李,刘澄伟,罗世礼,伍玮婷,叶迪奇","董事长,总经理,总经理,董事长,副董事长,董事,董事,董事,董事,董事,董事,董事"
中國宏橋,中国企业经营咨询公司,"陕西新意达投资有限公司,虹桥国际工程西安有限公司,李大灿,郭荔,杜润民,李一威,郑学森,杨桦,郭宇红,张星杰","董事长,总经理,董事,副董事长,董事,董事,监事会主席,监事,监事"
華電國際電力,外资股,"丁焕德,罗小黔,冯荣,丰镇平,李鹏云,李兴春,倪守民,彭兴宇,王大树,王晓渤,齐崇勇,王文德,巴希,顾涛,徐建伟,张德运,许如平,钟国东,侯德安,卓德勇","董事长,董事兼总经理,董事,董事,董事,董事,董事,董事,董事,董事"
招商局蛇口工業區控股,招商局轮船股份有限公司,"招商局集团有限公司,许永军,蔡元庆,孔英,屈文洲,禇宗生,邓伟栋,蒋铁峰,罗慧来,朱文凯,周松,齐绥","董事长,董事,独立董事,独立董事,独立董事,董事,董事,经理,董事,董事,董事,监事会主席"
九州通醫藥,上海弘康实业投资有限公司,"楚昌投资集团有限公司,中山广银投资有限公司,北京点金投资有限公司,刘长云,刘义常,龚翼华,刘登攀,刘兆年,艾华,曾湘泉,陆银娣,汤谷良,王琦","董事长,董事兼总经理,副董事长,副董事长,副董事长,董事,董事,董事,董事,董事"
中興通訊,李自学,"徐子阳,蔡曼莉,方榕,顾军营,李步青,吴君栋,庄坚胜,诸为民,李全才,刘庆龙,刘德庆,赵巍,张宁,徐杨,周成,李清华,王懿,吴昊,董吉锋","董事长,总经理,董事,董事,董事,董事,董事,董事,董事,董事,监事"
世茂房地產控股,世茂房地產控股,None,None
恆逸石化,浙江恒逸集团有限公司,"邱奕博,方贤水,陈三联,楼剑常,毛应,倪德锋,吴中,杨柏樟,杨柳勇,金丹文","董事长兼总经理,副董事长,董事,董事,董事,董事,董事,董事,董事,监事"
銅陵有色金屬,铜陵有色金属集团控股有限公司,"杨军,蒋培进,龚华东,丁士启,胡新付,李文,吴和平,徐五七,陈明勇,解硕荣,胡铜生,孙浩,闫闯,甘国庆,吕高平,杜峰,魏安祥,周曙光,赵荣升,梁海卫","董事长,董事兼总经理,副董事长,董事,董事,董事,董事,董事,监事,监事"
唯品會控股,唯品會控股,None,None
華夏幸福基業,华夏幸福基业控股股份公司,"王文学,吴向东,陈琪,陈世敏,孟惊,孟森,王威,谢冀川,赵鸿靖,常冬娟,孟惊,安义,安义,胡学文,胡学文,胡学文,陈怀洲","董事长,总经理,董事,董事,董事,董事,董事,董事,董事,董事,监事"
四川長虹電器,四川长虹电子集团有限公司,"赵勇,李伟,胡嘉,马力,潘晓勇,曲庆,吴定刚,杨军,周静,程平,王海龙,谢瑛,黄丽丽,侯文,何斌修,万小芳,何克思,罗龙森,王方勤,罗刚","董事长,副董事长,总经理,董事,董事,董事,董事,董事,董事,董事,监事"
北京金隅,北京国有资本经营管理中心,"刘炜宇,王建利,王海涛","执行董事,监事,经理"
蘇美達,金永传,"陈冬华,陈峰,焦世经,刘俊,刘耀武,皮安荣,王玉琦,杨炳生","董事长,董事兼总经理,董事,董事,董事,董事,董事,董事,董事,监事"
馬鞍山鋼鐵,马钢(集团)控股有限公司,"丁毅,钱海帆,王强民,王先柱,张春霞,张文洋,朱少芳,秦同洲,杨亚达,王蕾,程建国,章茂晗,邱全山,朱荩南,朱荩南,石玉军,李爱群,王自远,黄朝武","董事长,董事兼总经理,董事,董事,董事,董事,董事,董事,监事,监事"
神州數碼,神州数码集团股份有限公司,"郭为,李岩,辛昕,詹晓红,李岩,李岩,李岩,李岩,李岩,李岩,李岩,李岩,李岩,李岩,熊霞","董事长,董事,董事,监事,经理"
中國化學工程,中国中化集团公司,"中国化学工程集团有限公司,国家能源投资集团有限责任公司,戴和根,刘家强,兰春杰,刘杰,杨有红,雷典武,李胜利,刘家强,徐万明,范俊生,王春光","董事长,总经理,独立董事,独立董事,独立董事,董事,董事,董事,监事会主席,监事"
內蒙古伊利實業,潘刚,"蔡元明,纪韶,吕刚,彭和平,石芳,王爱清,王晓刚,张俊平,赵成霞,魏铁林,李雄,张广明,李明月,赵宝成,李健,张建勋,郑飞,赵保安,付莉","董事长,总经理,董事,董事,董事,董事,董事,董事,董事,董事,董事"
大秦鐵路,大唐国际发电股份有限公司,"北京铁路局,中国华能集团公司,中国中煤能源集团公司,同方投资有限公司,大同煤矿集团有限责任公司,危翔,刘俊生,张建平,何军,梁永军,李国斌,王亚洲,葛强,张国忠,李强",
中國外運,招商局集团有限公司,"宋德星,刘清亮","执行董事,总经理,监事"
貴州茅台酒,贵州省人民政府国有资产监督管理委员会,"贵州金融控股集团有限责任公司(贵州贵民投资集团有限责任公司),丁雄军,李静仁,李为熹,彭云,张瑞彬,陈寿春,郭灏,帅承举,张北平,汪深洪,游亚林,黄旭,杨世杰,杨燕","董事长,董事兼总经理,董事,董事,董事,监事,监事,监事,监事,监事"
廣州富力地產,李思廉,"张力,吕劲,周耀南,朱玲,廖冬芬,张量,张小林,李思廉,李海伦,王振邦,吴又华,相立军,张辉,张力,张琳,郑尔城","董事长,董事,董事,董事,董事,董事,董事,董事,董事,监事"
山西太鋼不鏽鋼,太原钢铁(集团)有限公司,"魏成文,李华,柴志勇,李端生,李建民,刘新权,毛新平,尚佳君,石来润,张吉昌,王立新,王洪,谢定平","董事长,董事兼总经理,董事,董事,董事,董事,董事,董事,董事,董事"
廣州汽車,广州汽车工业集团有限公司,"万向集团公司,中国机械工业集团有限公司,广州钢铁企业集团有限公司,广州市长隆酒店有限公司,曾庆洪,宋铁波,王克勤,肖胜方,赵福全(ZHAO FUQUAN),陈军,陈茂善,陈小沐,丁宏祥,韩颖,吴坚,苏家义","董事长,独立董事,独立董事,独立董事,独立董事,董事,董事,董事,董事,董事"
華夏銀行,湖北长江电影集团有限责任公司,"湖北银兴院线影业有限责任公司,杨琪,汪遵,雷波","执行董事,监事,其他人员"
中國鐵塔,中国移动通信有限公司,"中国电信股份有限公司,中国联合网络通信有限公司,张志勇,顾晓敏,邓实际,樊澄,高同庆,买彦州,佟吉禄,谢湧海,李文民,高玲玲,吴东,王国洲,蔡明友,林建,曹道社,张军,段剑锋,武靖恺,顾国政","董事长,总经理,董事,董事,董事,董事,董事,董事,董事,监事会主席,监事"
永輝超市,张轩松,"张轩宁,江苏京东邦能投资管理有限公司,江苏圆周电子商务有限公司,张轩松,李国,张轩宁,方青,廖建文（LIAO JIANWEN）,麦殷（MCLEOD，Ian James Winward）,孙宝文,许萍,陈颖,张光义,翁海娟,林小斌,陈林武,吴丽杰,陈林武,邱善玲,邱善玲,陈林武,林登秀","董事长,总经理,董事,副董事长,董事,董事,董事,董事,董事,董事,监事"
新疆中泰化學,新疆中泰化学股份有限公司,"国开发展基金有限公司,宫正,王利国,胡晓东","总经理,执行董事,监事"
深圳市怡亞通供應鏈,刘少平,"谢芳,邵健瑜,黄征凯,张维平,张利,韩莉,姚玉杰,陈凯,邵健瑜",
新希望六和,新希望控股集团有限公司,"刘永好,刘畅,李巍,刘永好,刘畅,王航,李巍,李建雄","董事长兼总经理,董事,董事,监事"
中國蒙牛乳業,中國蒙牛乳業,None,None
海南航空控股,刘璐,"徐军,陈明,林泽明,刘吉春,伍晓熹,徐经长,张英,张志刚,曹京斐,李响,陈明,鲁静峰,鲁静峰,熊将智,陈仁峰,李泉,李建生,方志东,杜立明","董事长,董事兼总经理,副董事长,董事,董事,董事,董事,董事,董事,监事"
內蒙古包鋼鋼聯,刘振刚,"李晓,白宝生,程名望,董方,李雪峰,齐宏涛,宋龙堂,孙浩,王臣,赵德贵,张鹏,刘占全,石正国,陈汝海,王茳,杨锁忠,黄宏,郝志燕,刘见强","董事长,董事,总经理,董事,董事,董事,董事,董事,董事,董事,董事"
網易公司,朱叶庆,"黄瑞芳,马兰,佟勇,黄瑞芳,马兰,佟勇","首席代表,一般代表,一般代表,一般代表,代表,代表,代表"
重慶長安汽車,重慶長安汽車,None,None
遠大產業控股,连云港市蔬菜冷藏加工厂,"连云港市农业开发公司,连云港兴农农业有限公司,金波,蒋华富,史迎春,白新华,吴价宝,谢会生,许祥舜,于滟,张勉,张双根","董事长,副董事长,副董事长,董事,董事,董事,董事,董事,董事,董事"
北京首鋼,首钢集团有限公司,"赵民革,梁捷,金洪利,张福杰,朱启建,邹立宾,张清暖","董事长,副董事长,经理,董事,董事,董事,董事,董事,监事会主席,监事,监事"
國電電力發展,刘国跃,"高嵩,冯树臣,高德步,刘焱,李秀华,栾宝兴,吕跃刚,吕志韧,肖创英,郭万宇,孙劲飚,董卫东,翁文骁,赵传山,王闳田,白洪亮,白洪亮,伍权,刘毅","董事长,总经理,董事,董事,董事,董事,董事,董事,董事,董事"
美團點評,美團點評,None,None
華潤電力控股,付文靖,,首席代表
廈門信達,廈門信達,None,None
國美零售控股,國美零售控股,None,None
浙商中拓,浙商中拓集团股份有限公司,"汪伟锋,朱文,孙彦红","执行董事,监事,经理"
白銀有色,中信国安集团有限公司,"瑞源(上海)股权投资基金合伙企业(有限合伙),甘肃省新业资产经营有限责任公司,中国信达资产管理股份有限公司,中国中信集团有限公司,全国社会保障基金理事会,中国东方资产管理公司,中国华融资产管理股份有限公司,王普公,王彬,夏桂兰,柏薇,陈景善,崔少华,杜军,马晓平,王萌,王樯忠,杨海峰,朱双潮,张得秀,陈贤瑜,王爱勤,王栋,赵速,周岩,黄旭东","董事长,董事兼总经理,副董事长,董事,董事,董事,董事,董事,董事,董事"
中國重汽,蔡东,"刘正涛,郭磊,李霞,万春玲,贾胜欣,季建国,赵月,李建祖,刘晓东,石小锐","董事长,董事兼总经理,董事,董事,董事,监事长,职工监事,监事"
新奧能源控股,新奧能源控股,None,None
萬華化學,万华化学集团股份有限公司,"福建石油化工集团有限责任公司,寇光武,陈华泽,************峰,华卫琦,聂存良,陈斌,卿宇,王军凯,周永金,朱健","董事长,董事,董事,董事,经理,董事,监事,监事,监事,监事,监事"
綠城中國控股,綠城中國控股,None,None
恆力石化,恒力石化股份有限公司,"倪海华,徐寅飞,陈新华","执行董事,监事,经理"
中化國際,杨华,"刘红生,程晓曦,徐经长,徐永前,杨林,俞大海（YU DAHAI）,张宝红,周民,庄严,瞿建波,戴峻,杨乐,王景华,霍建勋,封黎明,官绍华,王文兴,滕波","董事长,总经理,董事,董事,董事,董事,董事,董事,监事,监事,监事"
中國石油,国务院国有资产监督管理委员会,"戴厚良,章建华,黄龙,刘国胜,李毓华,王久玲,汪世宏,章建华,杜渊泉,仇凯","董事长,总经理,董事,董事,董事,董事,董事,董事,监事会主席,监事"
中石化石油工程技術服務,陈锡坤,"袁建强,陈卫东,董秀成,姜波,潘颖,樊中海,路保平,魏然,马祥","董事长,总经理,董事,独立董事,独立董事,独立董事,独立董事,董事,董事,董事,监事会主席"
玖龍紙業,玖龙环球(中国)投资集团有限公司,"张茵,王居才,刘晋嵩,刘名中,张成飞,陈莉","董事长,总经理,董事,董事,董事,监事"
溫氏食品,广东温氏食品集团股份有限公司工会委员会,"温鹏程,严居然,梁焕珍,温均生,温小琼,温志芬,黎沃灿,严居能,黄伯昌,温志芬,严居然,曹仰锋,陈舒,万良勇,印遇龙,黄松德,黎少松,温均生,温鹏程,吴珍芳,吴珍芳,叶水凤,梁志勇","职工监事,董事长,副董事长,独立董事,独立董事,独立董事,独立董事,董事,董事,董事,董事"
陝西煤業,陕西省人民政府国有资产监督管理委员会,"杨照乾,严广劳,安继栓,高仰才,秦岭,宋老虎,王双明,王引尚,王忠义,姚富强","董事长,董事兼总经理,副董事长,董事,董事,董事,董事,董事,董事"
北京控股,田振清,"白金荣,孙乐新,高鹏,雷振刚,刘凯,殷捷,张虹海,周思","董事长,副董事长,副董事长,董事,董事,董事,董事,董事,董事"
深圳市愛施德,黄文辉,"周友盟,邓鹏,黄绍武,吕廷杰,喻子达,张蕊,李菡,李琴,朱维佳,黄健,王轶,王斌,胡培,兰方玲,王绪刚,李振,杨治,王斌,杨治","董事长,副董事长,总经理,董事,董事,董事,董事,董事,监事,监事,监事"
新余鋼鐵,江西省省属国有企业资产经营(控股)有限公司,"刘建荣,夏文勇,管财堂,赖华新,刘传伟,饶昌平,王明招,李文华,曾庆池,李雪红,向学庆,练红,周舟,邱海根,王雪峰,熊上东,杨晓,章觉,黄晓宇,崔来义","董事长,总经理,董事,董事,董事,董事,董事,监事会主席,监事,监事"
浙江浙能電力,虞国平,"程金华,崔丽丽,方志星,韩洪灵,何大安,孙玮恒,章勤,赵明川,陈立新,程光坤,吕力行,刘道远","董事长,董事,董事,董事,董事,董事,董事,董事,董事,监事"
五礦發展,中国五矿集团有限公司,"朱海涛,魏涛,陈全生,王秀丽,张守文,康承业,唐小金,闫立军,安力木,何小丽","董事长,总经理,董事,独立董事,独立董事,独立董事,董事,董事,监事会主席,监事,监事"
陽光城,福建阳光房地产开发有限公司,"徐国宏,潘龙淼,饶俊,沈敬桃","董事长兼总经理,董事,董事,监事"
榮盛房地產發展,荣盛控股股份有限公司,"荣盛建设工程有限公司,耿建明,王鸿飞,邹家立,耿建富,曹西峰,谢金永,赵亚新,刘山,耿建明,程玉民,黄育华,景中华,李爱红,刘山,秦德生,王力,庄青峰,彭国红,蔡林,卢春义,孙时伟,臧军强,黄志强,万财宏,任宇,陈亮,刘金山,周刚","董事长,董事,董事,董事,董事,董事,董事,董事,董事,监事"
寧波均勝電子,王剑峰,"王剑峰,朱雪松,陈伟,范金洪,刘玉达,魏云珠,喻凯,赵大东,朱天","董事长,总经理,副董事长,董事,董事,董事,董事,董事,董事,董事"
雅居樂,陈卓雄,"曾标志,黄奉潮,陆倩芳,许文均,曾标志,纪皓文,纪皓文","董事长,总经理,董事,董事,监事"
卓爾智聯,阎志,"齐志平,李斌,夏里峰,余伟,曹天斌","董事长,董事兼总经理,董事,董事,董事,监事"
山東鋼鐵,山东国惠投资有限公司,"山东省财欣资产运营有限公司,侯军,陶登奎,陈向阳,高景言,梁阜,刘德华,卢彤书,苏斌,王宏伟,徐有芳","董事长,总经理,董事,董事,董事,董事,董事,董事,董事,董事"
三一重工,梁稳根,"向文波,冯宝珊,蒋民生,许定波,黄建龙,梁在中,唐修国,易小刚,翟宪,胡奇,陈家元,张克军,欧鑫林,梁林河,周福贵,莫传弘,王志新,沈华根,沈华根","董事长,副董事长,总经理,独立董事,独立董事,独立董事,董事,董事,董事,董事,监事会主席"
北京銀行,腾业控股集团有限公司,"银杏华清投资基金管理(北京)有限公司,深圳市馨茗投资有限责任公司,镇江万胜创业投资基金(普通合伙),北京沐仁投资管理有限公司,化唯强,钱志祥,北京正禾谷科技发展有限公司,北京启沃博观投资管理合伙企业(有限合伙),北京清控银杏医疗投资管理中心(有限合伙)",
中國永達汽車服務控股,中國永達汽車服務控股,None,None
山東黃金礦業,山东黄金集团有限公司,"山东莱州黄金集团有限公司,山东金洲矿业集团有限公司,李国红,王树海,刘钦,刘怀镜,汤琦,王立君,汪晓玲,王运敏,赵峰,李小平,牛博,张炳旭,王德煜,何吉平,蒋万飞,杜树浩","董事长,董事兼总经理,副董事长,董事,董事,董事,董事,董事,董事,监事长"
新城發展控股,新城發展控股,None,None
淮北礦業控股,孙方,"葛春贵,陈金华,黄国良,刘志迎,李智,裴仁彦,邱丹,周四新,许建清","董事长,董事兼总经理,董事,董事,董事,董事,董事,董事,董事,监事会主席"
中航國際控股,中国航空技术国际控股有限公司,"中国航空技术深圳有限公司,傅方兴,汪名川","执行董事,总经理,监事"
中國燃氣控股,钱颂忠,,首席代表
雲南雲天化,段文瀚,"崔周全,OFER LIFSHITZ,郭鹏飞,何涛,李红斌,莫秋实,沈和平,时雪松,王楠,翟树新,马航,胡明源,张宗凡,李天华,师永林,马庆福,刘和兴","董事长,总经理,董事,董事,董事,董事,董事,董事,董事,董事,董事"
偉仕佳傑控股,偉仕佳傑控股,None,None
中國核工業建設,国务院国有资产监督管理委员会,"王寿君,高金柱,顾军,刘新权,向永忠,徐立鹏,张冀湘,赵华林,白英,陈维薇","董事长,董事,经理,董事,董事,董事,董事,董事,监事会主席,监事,监事"
中國長江電力,华能国际电力股份有限公司,"中国核工业集团公司,长江勘测规划设计研究院,中国葛洲坝水利水电工程集团有限公司,中国石油天然气集团公司,雷鸣山,张星燎,马振波,吕振勇,文秉友,燕桦,张必贻,张崇久,何红心,苏劲松,薛福文","董事长,总经理,副董事长,独立董事,独立董事,独立董事,独立董事,独立董事,董事,董事"
中國廣核電力,中国广核集团有限公司,"广东恒健投资控股有限公司,中国核工业集团有限公司,杨长利,高立刚,邓志祥,顾健,蒋达进,李馥友,李明亮,施兵,夏策明,杨家义","董事长,总经理,董事,董事,董事,董事,董事,董事,董事,董事,董事"
金地,深圳市金地物业管理有限公司,"曾恒利,肖志勇,闫智广","执行董事,监事,经理"
本鋼板材,本溪钢铁(集团)有限责任公司,"高烈,韩梅,蒋光炜,林东,王东晖,袁知柱,张肃珣,钟田丽,程斌,李琳","董事长,董事,董事,经理,董事,董事,董事,董事,董事,监事会主席,监事"
安徽江淮汽車,安徽省人民政府国有资产监督管理委员会,"大众汽车(中国)投资有限公司,项兴初,单永英,邵剑,唐自玉,王鹏飞,张岚,崔东豪,董亚庆","董事长兼总经理,董事,董事,董事,董事,董事,董事,董事,监事,监事"
杭州海康威視數位技術,杭州海康威視數位技術,None,None
東華能源,太仓东华能源燃气有限公司,"东华能源股份有限公司,南京东华能源燃气有限公司,宁波梅山保税港区东华硅谷股权投资合伙企业(有限合伙),严维山,高建新,钱晓健,王竹,史锁敖","经理,董事长,董事,董事,监事,经理"
上海百聯,叶永明,"程大利,陈信康,董小春,高旭军,龚平,徐子瑛,张申羽,朱健敏,李峰,鞠铭,曹海伦,曹海伦,陆树江,沈明春,谢振华,沈筱洪,江之琳,邵惠民,薛坚","董事长,董事,董事,董事,董事,董事,董事,董事,董事,监事"
紫光,上海机电股份有限公司,"房庆辉,沈雪文,徐国华","总经理,执行董事,监事"
深圳華僑城,深圳华侨城股份有限公司,"张立勇,倪明涛,郝刚,张立勇,王博,MUNHEEPARK,彭桦,罗伟坚,梁欣敏","总经理,执行董事,监事"
雲南銅業,中国铜业有限公司,"云南冶金集团股份有限公司,高行芳,彭捍东,胡忠卫,田释龙,张豫中","执行董事兼总经理,监事"
柳州鋼鐵,广西壮族自治区人民政府国有资产监督管理委员会,"潘世庆,甘贵平,刘红新,刘旭,施沛润,韦宁,吴卫南,董峻,李德云,覃进炎,文宝华,刘善金,汤振宏,汤振宏,冯军","董事长,副董事长,董事,董事,董事,董事,董事,监事,监事,监事"
中石化煉化工程(,中国石化集团资产经营管理有限公司,"中国石油化工集团公司,孙丽丽,许照中,叶政,蒋德军,金涌,吴文信,俞仁明,朱斐,吴吉波,顾祥柏,韩海波","董事长,副董事长,独立董事,独立董事,经理,董事,董事,董事,董事,监事会主席,监事"
中國國旅,广州市福瑞经济发展有限公司,"上海恒通工业原料有限公司,辽宁嘉顿投资有限公司,成都汉森商务有限公司,蓝沙,周宣,蓝海,周磊,匡向军,蓝海,梁苹,郑玮清,朱亚东,蒋晓伟","董事长,总经理,董事,董事,监事"
浪潮電子信息產業,北京算通科技发展有限公司,"山东金达实业有限公司,王恩东,彭震,王爱国,王培志,吴龙,袁安军,陈彬,宋晓锋,舒建旺,张喜山,张喜山,沈红,赵瑞东","董事长,董事兼总经理,董事,董事,董事,董事,监事长,监事,监事"
重慶建工,南京中爱食品有限公司,"李磊,李磊,许兴江","执行董事,总经理,监事"
河北建設,河北省人民政府国有资产监督管理委员会,"李连平,刘铮,成英谦,王津生,杨洪池,黄玉刚,胡占琪,李国良,马中军,舒骅,肖刚","董事长,总经理,副董事长,董事,董事,监事,监事,监事,监事,监事"
康佳,刘凤喜,"周彬,邓春华,李峥,孙盛典,王曙光,姚威,蔡伟斌,李君,杨国彬,常东,常东,曹士平,曹士平,吕剑,吕剑,曹士平,穆刚,朱忠庆,穆刚","董事长,总经理,董事,董事,董事,董事,董事,董事,监事,监事,监事"
甘肅酒鋼,酒泉钢铁(集团)有限责任公司,"张正展,孙山,陈平,郭继荣,李闯,马鼎斌,聂兴凯,田飚鹏,赵浩洁,高凯,葛树海,秦俊山","董事长,董事兼总经理,董事,董事,董事,董事,董事,董事,董事,监事"
上海華誼,上海华谊集团股份有限公司,"顾卫忠,曹智龙,冯晖,章觉刚,郑必军,何凤萍,王文西,谢丽,倪群华,李耀东","董事长,董事,董事,董事,董事,监事,监事,监事"
中國船舶重工,中国船舶集团有限公司,"雷凡培,孙波,董学博,耿雷,吴太石,张良,张英岱,刘顺达,陈高,黄彪","董事长,总经理,董事,董事,董事,董事,董事,董事,监事会主席,监事,监事"
徐工,徐州市人民政府国有资产监督管理委员会,"江苏省财政厅,邱成,孙雷,韩冰,邵丹蕾,盛廷建,徐天宁,胡玉美,宋磊,汪晓雪,吴琪,赵斌,黄源,杨润新,杨尚福,赵重生,张学民,刘平华,顾正龙,林智,马乃庆","董事长,总经理,董事,董事,董事,董事,监事,监事,监事,监事"
國機汽車,延锋汽车饰件系统有限公司,"张海涛,贾健旭,陈原,龚巍,毛维俭,王虹,何叶峰","董事长,总经理,董事,董事,董事,董事,监事"
龍光地產控股,龍光地產控股,None,None
上海銀行,金煜,"胡友联,陈戍源,甘湘南,龚方雄,管涛,郭锡志,黄旭斌,孔旭洪,李朝坤,刘艺,汤建庭,陈祥兵,戴均超,夏璠,沈文玉,杨博文,王杨,吴倩,陈巍巍","董事长,副董事长,总经理,董事,董事,董事,董事,董事,董事,董事,董事"
老鳳祥,石力华,"杨奕,陈智海,黄骅,李军,马民良,沈顺辉,张其秀,朱黎庭,曹东明","董事长,副董事长,董事,董事,董事,董事,董事,董事,董事,监事"
東方海外(國際),白永梅,"汤均匀,白永梅,汤均匀","总经理,监事"
華潤燃氣控股,華潤燃氣控股,None,None
歐菲光,赵伟,"蔡高校,蔡元庆,陈俊发,关赛新,黄丽辉,李水平,马敬仁,张汉斌,海江,陈洪波","总经理,董事长,董事,董事,董事,董事,董事,董事,董事,董事,监事"
大昌行,李德华,"李永勤,李晨迪,梁伟涛,罗玉,罗玉,彭云云,彭云云,彭云云,彭云云,陈亚清,彭云云","董事长,董事兼总经理,董事,监事"
天音通信控股,中国华建投资控股有限公司,"深圳市鼎鹏投资有限公司,黄绍文,刘彦,林建宏,陈玉明,罗颖琳,王汉华,吴强,肖幼美,熊明华,张黎","董事长,总经理,副董事长,董事,董事,董事,董事,董事,董事,董事"
旭輝控股,袁争,"徐凤武,邓祖东,昆明六鑫房地产经纪有限公司",
廣州白雲山醫藥,广州医药集团有限公司,"李楚源,吴长海,程宁,陈矛,储小平,房书亭,黄龙德,刘菊妍,倪依东,邱鸿钟,杨燕忠,黄庆超,王健松,林辉,黄海文","董事长,董事兼总经理,副董事长,副董事长,董事,董事,董事,董事,董事,董事"
廣東海大,广州市海灏投资有限公司,"薛华,桂建芳,何建国,刘运国,程琦,许英灼,齐振雄,穆永芳,王华,陈华昭,杨建涛,钱雪桥,江谢武,陈明忠","总经理,董事长,董事,独立董事,独立董事,独立董事,董事,董事,监事会主席,监事,监事"
龐大汽貿,庞庆华,"杨家庆,郭文义,王玉生,杨晓光,裴文会,贺立新,贺静云,李绍艳,李新民,黄继宏,陈东升,廖朝晖,林伟,刘湘华,刘娅,李元,马骧,王都,武成,李树功,解广振,李振青,陈建生,宁志伟,张向来,高语柱,刘朝岭,张志伟,李东辉","董事长,董事,董事,董事,董事,董事,董事,董事,董事,董事"
桐昆,陈士良,"许金祥,陈蕾,陈士南,陈智敏,刘可新,潘煜双,沈培兴,王秀华,钟玉庆","董事长,董事兼总经理,董事,董事,董事,董事,董事,董事,董事,董事"
遠洋,中国远洋海运集团有限公司,"万敏,许立荣,叶红军","总经理,执行董事,监事"
渤海租賃,渤海租赁股份有限公司,"许志伟,侯丹璐,白晓宇,刘正伟,潘宁,杨滋兰","董事长,总经理,董事,董事,监事,监事"
金科地產,黄红云,"深圳市平安创新资本投资有限公司,深圳市君丰渝地投资合伙企业(有限合伙),红星家具集团有限公司,无锡润泰投资有限公司,周达,王洪飞,胡耘通,王文,朱宁,刘静,杨程钧,杨柳,刘忠海,梁忠太,李华","董事长,副董事长,职工代表董事,独立董事,独立董事,独立董事,董事,董事兼经理,董事,监事会主席,监事"
北汽福田汽車,巩月琼,"师建华,王文伟,王珠林,谢玮,常瑞,陈青山,孙彦臣,王文健,张建勇,刘茂山,巩海东,刘刚,秦志东,王术海,方宜士,张济民,柏争先,李自强,韩昊","董事长,独立董事,独立董事,独立董事,独立董事,董事,董事,董事,董事,董事"
深圳市飛馬國際供應鏈,赵力宾,"李红顺,李建雄,彭钦文,王雪,李佳纭,罗利,张彦,张小峰,黄壮勉,黄固喜","总经理,董事长,董事,董事,董事,董事,监事,监事,监事"
國投電力控股,国家开发投资集团有限公司,"朱基伟,罗绍香,曾鸣,余应敏,高海,许军利,张文平,张元领,詹平原,曲立新,谭培东,谭培东,黄昭沪,朱基伟","董事长,副董事长,独立董事,独立董事,董事,董事,董事,董事,董事,监事会主席"
中國東方,全国社会保障基金理事会,"吴跃,张子艾,邱东,陈建雄,林雅献,邵诗利,辛学东,李欣,耿建云,王光远,黎蜀宁,杨晓冉,印建民,李孝辉,杨智刚,贾海峰,刘照,黄鹤,辛林花,苏宁","董事长,经理,副董事长,独立董事,董事,董事,董事,董事,监事会主席,监事,监事"
浙江海亮,朱张泉,"陈东,陈淑翠,邓川,范顺科,蒋利民,金刚,刘国健,钱自强,胡世华","总经理,董事长,董事,董事,董事,董事,董事,董事,董事,董事,监事"
新興鑄管,新兴际华集团有限公司,"张同波,何齐书,陈伯施,黄孟魁,王力,王忠诚,温平,薛振宇,闫华红,葛鹏辉,张宏鹏,施超超,古超,孙弘,史亚波,张森,王学柱,高玉光,刘冲,吴延洲","董事长,总经理,董事,董事,董事,董事,董事,董事,董事,董事,监事"
江蘇中南建設,大连钢铁集团有限责任公司,"吉林炭素股份有限公司,瓦房店轴承集团有限责任公司,吉林铁合金集团有限责任公司,陈锦石,陈锦石,柏利忠,曹益堂,陈昱含,黄峰,华志伟,胡红卫,石军,唐晓东","董事长,总经理,董事,董事,董事,董事,董事,董事,董事,董事"
宜賓五糧液,四川省宜宾五粮液酒厂,"曾从钦,邹涛,干胜道,蒋琳,蒋文格,郎定常,李曙光,吴越,谢志华,许波","董事长,副董事长,总经理,董事,董事,董事,董事,董事,董事,董事,董事"
四川路橋建設,四川公路桥梁建设集团有限公司,"四川贵通建设集团有限公司,四川嘉陵资产经营管理有限责任公司,熊国斌,甘洪,曹麒麟,郭祥辉,李光金,李琳,杨如刚,严志明,赵泽松,赵志鹏,吕春,江成明,江成明,刘勇,刘志刚,许世辉","董事长,董事,董事兼总经理,董事,董事,董事,董事,董事,董事,董事,董事"
中國鐵路通信信號,中国铁路通信信号集团有限公司,"中国国新控股有限责任公司,中国诚通控股集团有限公司,中国机械工业集团有限公司,中金佳成投资管理有限公司,周志亮,徐宗祥,陈嘉强,陈津恩,王嘉杰,姚桂清,徐宗祥,杨永胜,孔宁,陈世奎,马红林,肖勇,邰建民,金鹏,金鹏,神凤敏,靳启飞,神凤敏,金广宏,万宝华","董事长,总经理,独立董事,独立董事,独立董事,独立董事,董事,董事,监事会主席,监事"
北京首都開發,北京华澳房产有限公司,"海南宝华实业股份有限公司,京华房产有限公司,北京宝信实业发展公司,北京市房屋建筑设计院,北京宝华饭店,李岩,白涛,秦虹,邱晓华,孙茂竹,蒋翔宇,李灏,潘文,阮庆革,王立川,苍柏,毕晔,周飚,巴峥嵘,周兵","董事长,独立董事,独立董事,独立董事,独立董事,董事,董事,董事,董事,董事"
特變電工,新疆维吾尔自治区投资公司,"北京清华大学企业集团,昌吉市特种变压器厂,刘杰,叶军,雷霆,敬忠,黄汉杰,张建新,何雪燕,贾飞,刘雪原,汪滢,银波,胡义康,焦海华,李婧,张建新,张建新","董事长,董事兼总经理,董事,董事,董事,董事,董事,监事,监事,监事"
雲南錫業,云南省人民政府国有资产监督管理委员会,"昆明和泽投资中心(有限合伙),云南国资国企改革壹号股权投资基金合伙企业(有限合伙),云南省财政厅,张涛,程睿涵,杨奕敏,舒翔,汤发,姚家立,朱绍武,单治光,高红,李林,李霞,陈学元,王彦坤,姚建伟,贺元贵,朱增锡,卢钢,张戈青,贺元贵,韩尚林","董事长,副董事长,总经理,副董事长,董事,董事,董事,董事,监事,监事,监事"
中國核能電力,中国远洋运输有限公司,"中国长江三峡集团有限公司,中国核工业集团有限公司,航天投资控股有限公司,卢铁忠,马明泽,白萍,黄宪培,马恒儒,王岭,周世平,车大水,杜运斌,关杰林","董事长,总经理,董事,独立董事,独立董事,独立董事,独立董事,独立董事,董事,董事,董事"
浙商銀行,浙商銀行,None,None
江蘇匯鴻國際,刘锦铎,"储建元,冯金芳,刘玉璋,高桐熙,陈述,杨青峰,丁宏,姜辉,李结祥,马野青,孙苹,王延龙,叶炳华,常占营,柳红","董事长,董事兼总经理,董事,董事,董事,董事,董事,董事,董事,监事"
安徽水利開發,安徽建工集团股份有限公司,"工银金融资产投资有限公司,张晓林,赵作平,程鹏,戴树明,丁子,杨海飞,朱金蓉,朱乐华,许丽,王延刚,沈荣建,马声刚,陈浩,程佐,沈荣建,朱文锋,朱文锋,洪荣根,程跃","董事长,董事兼总经理,董事,董事,董事,董事,董事,董事,监事"
中國金茂控股,中國金茂控股,None,None
佳兆業,李海鸣,"李海鸣,刘立好,罗洋,胡志华,廖传强,张卫卫,廖传强","董事长,总经理,副董事长,董事,监事"
深圳市海王生物工程,张思民,"刘占军,张锋,车汉澍,谷杨,刘来平,沈大凯,章卫东,赵文梁,董靖,李荃华,张维钊,何晓东,金羽翔","董事长,副董事长,副董事长,总经理,董事,董事,董事,董事,董事,董事,监事"
中儲發展,中国物资储运集团有限公司,"梁伟华,赵晓宏,王天兵,董中浪,高冠江,刘文湖,李大伟,刘起正,李勇昭,马一德,宋兵,董艳民,戴庆富,杨丰磊,伍思球,冯军,戴庆富,王超,吴方轲,吴华峰","董事长,总经理,董事,副董事长,独立董事,独立董事,独立董事,董事,董事,董事,董事"
山煤國際能源,吉化集团公司,"吉林市城信房地产开发公司,上海华理远大技术有限公司,宁波市富盾制式服装有限公司,王为民,梁建光,苏新强,陈凯,兰海奎,李端生,李玉敏,马凌云,孙水泉,王宝英,宋国忠,刘奇,牛秀清,武海军","董事长,董事兼总经理,副董事长,董事,董事,董事,董事,董事,董事,董事"
瑞茂通供應鏈管理,李群立,"路明多,李富根,王兴运,章显明,周宇,耿红梅,刘春燕,刘选智","董事长,董事兼总经理,董事,董事,董事,董事,监事长,监事,监事"
上海國際港務,上海市国有资产监督管理委员会,"上海同盛投资(集团)有限公司,上海国有资产经营有限公司,顾金山,严俊,白景涛,李轶梵,曲林迟,邵瑞庆,王尔璋,王海民,张建卫,郑少平,柳长满,薄海虎,胡弘,赵伟,董宝林,骆俊,陈雪兵,姜海涛,俞文激,任胜华","董事长,董事兼总经理,副董事长,董事,董事,董事,董事,董事,董事,董事"
內蒙古伊泰煤炭,内蒙古伊泰集团有限公司,"张晶泉,杜莹芬,葛耀勇,黄速建,黄显荣,刘春林,刘剑,吕贵良,吕俊杰,许景荣,张迎光,张迎光,张新平,张海峰,苏渊,韩超,刘飞翔,汪志军,汪志军","董事长,董事,董事,董事,董事,董事,董事,董事,经理,董事,董事"
中國正通汽車服務控股,中國正通汽車服務控股,None,None
上海隧道工程,上海隧道工程股份有限公司,"李波,裴烈烽,冯凯,何拥军,田军,吴亚芳,袁继康,张国屏,刘凤华,凌宇峰,余志松,郭亮,陈思慧,秦立祥,刘凤华,朱秀,龚卫,朱秀","董事长,总经理,董事,董事,董事,董事,监事,监事,监事"
中信證券,中信证券股份有限公司,"张佑君,方浩,张东骏","董事长,董事兼总经理,董事,监事"
江蘇國泰國際,江苏国泰国际集团有限公司,"王永成,金建明,郭盛虎,张子燕,陈晓东,才东升,蔡建民,顾春浩,金志江,雷敬华,孙涛,王晓斌,张健","董事长,总经理,董事,董事,董事,董事,董事,董事,董事,董事"
北方華錦化學工業,中国兵器工业集团有限公司,"工银金融资产投资有限公司,辽宁省国有资产经营有限公司,李春建,杜秉光,任勇强,陈军,董成功,李志强,赵显良,唐治钫,王维良,徐亮,付元智,************宝,张佐琪","董事长,董事兼总经理,副董事长,董事,董事,董事,监事会主席,监事,监事,监事"
福建三鋼閩光,福建省三钢(集团)有限责任公司,"厦门国贸集团股份有限公司,厦门国际港务股份有限公司,厦门市国光工贸发展有限公司,厦门鹭升物流有限公司,闽东荣宏建材有限公司,黎立璋,卢芳颖,何天仁,洪荣勇,李鹏,汪建华,张玲,张萱,郑溪欣,黄敏,翁汪茵,李必昌,康振杜,卢有雄","董事长,总经理,董事,董事,董事,董事,董事,董事,董事,董事,监事"
申能,倪斌,"奚力强,刘海波,刘浩,刘先军,李争浩,秦海岩,史平洋,杨朝军,俞卫锋","董事长,副董事长,总经理,董事,董事,董事,董事,董事,董事,董事,董事"
海信家電,广东科龙(容声)集团有限公司,"段跃斌,马金泉,张世杰,钟耕深,LIN LAN（林澜）,代慧忠,费立成,贾少谦,夏章抓,刘振顺","董事,董事长,独立董事,独立董事,独立董事,董事,董事,董事,董事,董事,监事"
立訊精密工業,王来春,"王来胜,李斌,林一飞,许怀斌,叶怡伶,张英,莫荣英,夏艳容,易佩赞","总经理,董事长,副董事长,董事,董事,董事,董事,董事,监事,监事,监事"
江蘇銀行,个人股,"蒋明晗,仇光美,任亮,赵良杰,廖金校,龚叶,潘思远,李勇志,魏静,陈淼",
中國航空科技工業,中国航空工业第二集团公司,"中国东方资产管理公司,中国华融资产管理公司,王学军,赵宏伟,刘威武,廉大为,林贵平,李喜川,毛付根,王军,徐岗,郑强,张剑龙","董事长,总经理,董事,独立董事,董事,董事,董事,董事,董事,董事,监事会主席"
青島海信電器,海信视像科技股份有限公司,"胡剑涌,郑莉莉,姜林,邓昱明,高秀杰,郭宏岩,赵春辉,高雄勇,崔锋松,于芝涛,胡剑涌,刘雪莉,王伟,王云利,李佳,康敬爱,杨可多,王教磊,辛广,郭良洪,盛强,陈阳,王飞,黄艳峰,吕朝云,詹建莹,熊全能","董事长,董事兼总经理,董事,董事,董事,监事长,职工监事,监事"
天能動力國際,天能動力國際,None,None
中金黃金,河南豫光金铅集团有限责任公司,"中国黄金集团有限公司,天津市宝银号贵金属有限公司,山东莱州黄金(集团)有限公司,西藏自治区矿业开发总公司,卢进,赵占国,刘冰,胡世明,李铁南,李跃清,彭咏,谢文政,张跃,赵占国,肖振凯,闫方,李奇瑞,祖国富,任文生,屈伟华","董事长,总经理,副董事长,董事,董事,董事,董事,董事,董事,董事"
時代中國控股,時代中國控股,None,None
融信中國控股,融信中國控股,None,None
重慶百貨大樓,重慶百貨大樓,None,None
江蘇中天科技,如东县中天投资有限公司,"河北 北方电力开发股份有限公司,南京邮电大学,北京聚能通科技有限公司,薛济萍,陆伟,薛驰,何金良,林金桐,沈一春,吴大卫,郑杭斌,朱嵘,林峰,周船生,薛建林,倪磊磊","董事长,董事兼总经理,副董事长,董事,董事,董事,董事,董事,董事,监事"
瑞康醫藥,张仁华,"韩旭,韩旭,张仁华,冯红涛,韩春林,柳喜军,武滨,杨博,于建青,周云,吴丽艳,王芹","董事长,董事兼总经理,董事,董事,董事,董事,董事,董事,董事,监事长"
中國石油,国务院国有资产监督管理委员会,"戴厚良,章建华,黄龙,刘国胜,李毓华,王久玲,汪世宏,章建华,杜渊泉,仇凯","董事长,总经理,董事,董事,董事,董事,董事,董事,监事会主席,监事"
江蘇亨通光電,亨通集团有限公司,"毛慧苏,昆明电信职工技协服务中心,天津市电话器材公司,吴江亨利光电材料有限责任公司,钱建林,张建峰,褚君浩,崔根良,崔巍,顾益中,江桦,郦仲贤,李自为,孙义兴,朱卫泉","董事长,总经理,董事,董事,董事,董事,董事,董事,董事,董事"
中鋁國際工程,中国铝业集团有限公司,"洛阳有色金属加工设计研究院有限公司,武建强,宗小平,伏军,桂卫华,李宜华,王军,吴志刚,张鸿光,张建,范光生,周永丹,邹国富,黄粮成,廖从荣,廖江南,马宁,马宁","董事长,总经理,董事,董事,董事,董事,董事,董事,董事,董事,监事会主席"
環旭電子,环胜电子(深圳)有限公司,"陈昌益,GILLES BARUK BENHAMOU,NENG CHAO CHANG,RUTHERFORD CHANG,储一昀,汤云为,汪渡村,魏镇炎,钟依华,ANDREW ROBERT TANG,张洪本","董事长,董事,董事,董事,董事,董事,董事,董事,董事,监事"
中航飛機,西安飞机资产管理有限公司,"中南大学粉末冶金工程研究中心有限公司,李铭,刘东星,曹清,常广智,程民主,刘传平,刘绍军,吴建成,吉平,孟筱文,吴龙飞,曹清","董事长,总经理,董事,董事,董事,董事,董事,董事,监事,监事"
安陽鋼鐵,李利剑,"刘润生,蔡永灿,李福永,张怀宾,张建军,周修亭,雷鹏,程国强,段金亮,赵金龙,陶晓丽,刘保平,鲍迪,肖正权,肖正权,陈高欣,欧阳瑜,于荣滨,张占杰","董事长,董事兼总经理,董事,董事,董事,董事,董事,监事会主席,监事,监事"
華潤水泥控股,華潤水泥控股,None,None
陽泉煤業,阳泉煤业(集团)有限责任公司,"冯志武,白平彦,程彦斌,段日雄,韩克钢,岳光溪,张文才,刘有兔,朱英军","董事长兼总经理,董事,董事,董事,董事,董事,董事,监事,监事"
新鳳鳴,新凤鸣集团股份有限公司,"管永银,胡兴其","执行董事兼总经理,监事"
山西西山煤電,西山煤电(集团)有限责任公司,"山西西山晋兴能源有限责任公司,陆飞,郭建清,邓开俊,昝培娟,翟福军,龙江进,满博,陈纲,连福山","董事长兼总经理,副董事长,董事,董事,董事,监事,监事,-"
寶勝科技創新,宝胜集团有限公司,"中国电能成套设备有限公司,宏大投资有限公司,上海科华传输技术公司,杨泽元,邵文林,蔡临宁,陈大勇,梁文旭,路国平,闻道才,杨志勇,高学成,梁永青,肖乾","董事长,董事兼总经理,董事,董事,董事,董事,董事,董事,监事,监事"
大明國際控股,大明國際控股,None,None
華潤啤酒,新民市供销合作社联合社,"吴大龙,古娇,马光",法定代表人
鄭州宇通客車,杨波,,负责人
南京醫藥,南京市国有资产经营公司,"周建军,疏义杰,RICHARD JOSEPH ANTHONY GORSUCH,STEPHEN XUN JIE LOWE（骆训杰）,胡志刚,李文明,武滨,徐健男,邹克林,徐媛媛,李祝辉,何森,张雷,李祝辉,姚红,李峰,戴建美,张琛,周立,隋坪基","董事长,总经理,董事,董事,董事,董事,董事,董事,董事,董事,监事"
攜程國際,万程(上海)旅行社有限公司,"范敏,杨钦,蔡羽枫,周建华,陈歆,吴璆桢,熊寒英,张玲,贺佳琦,亚芮瑶,曹晓玲,陈阳","执行董事,监事"
中國醫藥健康產業,中国通用技术(集团)控股有限责任公司,"李亚东,郭云沛,史录文,祝继高,陈华亮,金鸿雁,王宏新,徐一,张天宇,强勇","董事长,独立董事,独立董事,独立董事,董事,董事,经理,董事,董事,董事,监事会主席"
中國奧園,中國奧園,None,None
泰禾,黄慧丽,"李伟,杨力,王成应,许梦生,陈富广,徐振亚,陈治宇,许圣龙,陈惠,许大红,陈结淼,黄慧丽,蒋本跃,王金诚,张圣亮,贾仁耀,王远红,朱言诚,王忠军","董事长兼总经理,董事,董事,董事,董事,董事,监事,监事,监事,副总经理"
天茂實業,刘益谦,"周文霞,毕建林,陈大力,刘万富,龙飞,石文清,田熠菲,徐翔,卢俊,欧永发","董事长,副董事长,总经理,董事,董事,董事,董事,董事,董事,董事,监事"
唐山冀東水泥,唐山冀東水泥,None,None
四川藍光發展,中国科学院成都有机化学研究所,"成都高创科技集团公司,成都福瑞机电设备制造公司,四川省中药研究所,杨武正,陈磊,迟峰,何真,黄益建,寇纲,吕正刚,欧俊明,杨铿,蒋淑萍,杨娟","总经理,董事长,副董事长,董事,董事,董事,董事,董事,董事,董事,监事"
盛屯礦業,陈东,"张振鹏,何少平,刘鹭华,任力,翁雄,张振鹏,周贤锦,黄娜敏,卢乐乐","董事长,总经理,董事,董事,董事,董事,董事,董事,监事,监事"
中國大冶有色金屬礦業,中國大冶有色金屬礦業,None,None
東方電氣,东方电气股份有限公司,"中国东方电气集团有限公司,刘辉,许晔,何东平,李文辉,李云军,许昌建,张启德,付斌,霍锁善,王志文,张元林,冯志飞,李彬,刘祖明,赵毅,高若愚","董事长,董事兼总经理,董事,董事,董事,董事,董事,监事,监事,监事"
華東醫藥,吕梁,"李阅东,金旭虎,亢伟,牛战旗,杨俊,杨岚,钟晓明,朱亮,白新华,朱嘉临,蔡啸,吕梁,汪莺燕,韩惠庆,李邦良,汪莺燕,徐永平,潘汉杰,周水良","董事长,董事兼总经理,董事,董事,董事,董事,董事,董事,董事,监事"
創維數碼控股,創維數碼控股,None,None
美的置業控股,美的置業控股,None,None
寧德時代新能源科技,宁波梅山保税港区瑞庭投资有限公司,"黄世霖,宁波联合创新新能源投资管理合伙企业(有限合伙),李平,曾毓群,周佳,黄世霖,李平,潘健,蔡秀玲,洪波,王红波,薛祖云,冯春艳,安国平,刘恒华,欧阳楚英,黄世霖","董事长,总经理,董事,副董事长,副董事长,副董事长,董事,董事,董事,董事,监事"
寧波銀行,吴永飞,"庞亚红,吴永飞,庞亚红","经理,执行董事,监事"
山東晨鳴紙業,寿光晨鸣控股有限公司,"陈洪国,李伟先,陈刚,韩亭德,胡长青,李传轩,李兴春,孙剑非,杨彪,尹美群,潘恺,董建文,李峰,张丰宽,杨建民,韩春来,孙昌浩,杨伟明,吕会丽","董事长,总经理,董事,董事,董事,董事,董事,董事,董事,董事"
中國機械設備工程,中国联合工程公司,"中国机械工业集团有限公司,白绍桐,艾威,方彦水,方永忠,刘红宇,刘力,马坚,吴德龙,张治宇,张弘,金寅,包家琦,于林华,包家琦,包家琦,包家琦","董事长,董事,经理,董事,董事,董事,董事,董事,董事,董事,监事会主席"
新疆金風科技,陶毅,"魏红亮,谷宝玉,新疆太阳能科技开发公司,王彬,胡楠,马辉,郭健,北京君合慧业投资咨询有限公司,武钢,王海波,曹志刚,高建军,古红梅,黄天佑,卢海林,魏炜,杨剑萍,韩宗伟,沈磊,李涛,闫旭,唐鑫,张雪浩,李小乐,张雪浩,张东狮,王全德,王全德","董事长,董事兼总经理,董事,董事,董事,董事,董事,董事,董事,监事"
西部礦業,西部矿业集团有限公司,"北京安瑞盛科技有限公司,上海安尚实业有限公司,新疆塔城国际资源有限公司,上海联创创业投资有限公司,青海新力绒纺对外贸易股份有限公司,广州保税区瑞丰实业有限公司,王海丰,罗已翀,邸新宁,黄大泽,李义邦,骆进仁,马明德,陈文军,段云宁,李威,潘希宏,谯宗睿,郭永文,范建明,刘玉峰,何宗武,黄小玲,秦海斌,邓家军,程武忠","董事长,副董事长,董事,董事,董事,董事,董事,监事,监事,监事"
中聯重科,建设部长沙建设机械研究院,"北京中利四达科技开发有限公司,广州市天河区新怡通机械设备有限公司,广州黄埔中联建设机械产业有限公司,北京瑞新建技术开发有限公司,詹纯新,贺柳,黎建强,刘桂良,杨昌伯,赵令欢,赵嵩正,何建明,刘小平,王明华,史伟志,张良,黄建兵,郭学红,郭学红,田兵,阳昌康,李纪,陈晓非,史伟志","董事长,董事,董事,董事,董事,董事,董事,监事,监事,监事"
國電南瑞科技,南京南瑞集团公司,"国电电力发展股份有限公司,江苏省电力公司,南京京瑞科电力设备有限公司,广东华电实业有限公司,孔震,翟明玉,蒋元晨,杨华飞,赖业宁,李延新,俞胜,丁孝华,刘剑欣",
江鈴汽車,江西国控汽车投资有限公司,"邱天高,万建荣,蒋林生,李青,刘年风,陆泽勇,王勇,熊春英,朱毅,萧虎,肖传庆","董事长,总经理,董事,董事,董事,董事,董事,董事,董事,董事,监事会主席"
東旭光電科技,中国电子进出口总公司,"郭轩,陈英,高琦,韩志国,王庆,吴少刚,徐明新,韩远,何强,唐礼忠,李长江","董事长,董事兼总经理,董事,董事,董事,董事,董事,监事,监事,监事"
百世,周韶宁,"陈微,刘磊,毛均行,陈微,陈东成,毛均行,王小青,许世诚,魏建斌,魏建斌,武林","执行董事兼总经理,监事"
航天信息,中国航天科工集团有限公司,"中国牧工商(集团)总公司,航天新概念科技有限公司,上海航天实业有限公司,哈尔滨工业大学,马天晖,陈荣兴,苏文力,朱利民,邹志文,鄂胜国,谷超灵,孙哲,袁晓光,弓兴隆,陈晓敏,管延安,程念胜,代合鹏,夏玉华,陈晓敏,张超,夏玉华,夏玉华,夏玉华","董事长,副董事长,总经理,独立董事,独立董事,独立董事,董事,董事,董事,董事,监事会主席"
淄博齊翔騰達化工,淄博齐翔石油化工集团有限公司,"鑫方家投资有限公司,车成聚,旭光兆宇科技有限公司,深圳市联汇和盛投资有限公司,青岛理想科技发展有限公司,车成聚,陈晖,范佳昱,韩刚,李婵娟,林丹丹,刘海波,张元荣,祝振茂,陈莉敏,黄海","董事长兼总经理,董事,董事,董事,董事,董事,董事,董事,董事,监事长"
藍思科技,长沙群欣投资咨询有限公司,"周群飞,饶育蕾,唐国平,王义高,姚毅,郑俊龙,周新益,陈小群,旷洪峰,唐军","董事长,董事,董事,董事,董事,董事,董事,监事,监事,监事"
通威,刘汉元,"管亚梅,管亚梅,刘汉元,禚玉娇,刘舒琪,李竞","董事长,董事,董事,监事"
華新水泥,華新水泥,None,None
圓通速遞,大杨集团有限责任公司,"喻会蛟,潘水苗,董静,贺伟平,黄鑫,黄亚钧,潘水苗,万霖,张小娟,张益忠,方君波","董事长,总经理,董事,董事,董事,董事,董事,董事,董事,董事"
浙江正泰電器,南存辉,"陈俊,郭嵋俊,刘树浙,陆川,王国荣,谢思敏,张智寰,朱信敏,金川钧,郭嵋俊,孙东豪,张智寰","董事长兼总经理,董事,董事,董事,董事,董事,董事,董事,董事,监事"
廣東電力發展,广东省粤电集团有限公司,"王进,郑云鹏,马晓茜,沈洪涛,王曦,尹中余,陈延直,陈泽,李葆冰,李方吉,王沛沛,曾志强,梁培露","董事长,总经理,独立董事,独立董事,独立董事,独立董事,职工董事,董事,董事,董事"
南京銀行,南京銀行,None,None
理文造紙,常熟市港新纸品销售有限公司,"李文斌,李浩中,李文俊,王朝颂,李经纬","董事长,总经理,董事,董事,监事"
廣東韶鋼松山,解旗,"刘中华,莫玲,谭燕,向凌,张永生,刘二,郭春红,赖万立,柯世禹,何卫华","总经理,董事长,董事,董事,董事,董事,董事,董事,监事会主席,监事,职工监事,监事"
天津廣宇發展,王科,"王晓成,李书锋,翟业虎,蔡红君,冯科,李景海,张建义,周现坤,赵晓琴,庞晓意,张艺","董事长,总经理,董事,独立董事,独立董事,董事,董事,董事,董事,董事,监事会主席"
徽商銀行,FU JUNE QIONG,,负责人
超威動力控股,超威動力控股,None,None
王府井,交通银行股份有限公司北京市分行,"中国宝安(集团)股份有限公司,杜宝祥,卢长才,金馨,权忠光,王新,夏执东,董晖,杜建国,梁望南,尚喜平,张峻,张林,胡绮年","董事长,副董事长,独立董事,独立董事,独立董事,独立董事,董事,董事,董事,经理,董事"
雲南白藥,新华都实业集团股份有限公司,"江苏鱼跃科技发展有限公司,陈发树,王明辉,陈春花,纳鹏杰,汪戎,吴群,陈焱辉,钟杰,朱家龙","董事长,总经理,董事,董事,董事,董事,监事,监事,监事"
青島啤酒,国家股,"法人股,黄克兴,姜省路,盛雷鸣,石琨,王瑞永,肖耿,于竹明,张然,郭秀章,黄祖江,蔡志伟,蔡志伟,顾天堂,孙欣正,刘德利,王明先,周永光,王瑞永,李照宪,张荣辉","董事长,董事,董事,董事,董事,董事,董事,董事,监事长,职工监事"
正榮地產,正荣集团有限公司,"上海荣津投资管理合伙企业(有限合伙),黄仙枝,刘伟亮,陈坚,刘伟亮,李洋,欧国伟,李长亮,王星明,周江","董事长,总经理,董事,董事,董事,董事,监事,监事,监事"
杭州鋼鐵,浙江省人民政府国有资产监督管理委员会,"浙江省财务开发有限责任公司,张利明,林亮,陈正权,娄解民,施其林,殳黎平,金钢,王纪松,王志南,吴熙君","董事长,董事兼总经理,董事,董事,董事,董事,监事,监事,监事,监事"
越秀地產,朱辉松,"江文斌,卢沃明,张宗强","董事长,董事,董事,监事"
龍源電力,中国国电集团有限公司,"国电东北电力有限公司,李忠军,韩德昌,黄群,刘金焕,孟焰,唐超雄,唐坚,田绍林,张颂义,邵俊杰,王浩平","董事长,董事,董事,董事,董事,董事,经理,董事,董事,董事,监事会主席"
浙江交通科技,吴伟,"董星明,范宏,何新龙,金迎春,金振华,毛正余,饶金土,徐荣桥","董事长,副董事长,总经理,董事,董事,董事,董事,董事,董事,董事,董事"
哈爾濱電氣,国务院国有资产监督管理委员会,"斯泽夫,吴伟章,迟鸣,范树德,高志军,张英健,杜文朋","董事长,董事兼总经理,董事,监事,监事"
一汽轎車,吉林神华集团有限公司,"李兴华,杨士渤","执行董事兼总经理,监事"
廣州發展,广州大洋实业投资有限公司,"龙雁仪,GUY MARTIN COUTTS BRADLEY,TIMOTHY JOSEPH BLACKBURN,韩置,马爱红,黄瑛,黄瑛","董事长,董事,董事,董事,董事,经理"
重慶農村商業銀行,重慶農村商業銀行,None,None
鄭州煤礦機械,全国社会保障基金理事会,"北京鸿智慧通实业有限公司,杭州如山创业投资有限公司,深圳市创新投资集团有限公司,郑州百瑞创新资本创业投资有限公司,焦承尧,焦承尧,向家雨,程惊雷,崔凯,方远,付祖冈,郭文氢,贾浩,季丰,王新莹","董事长兼总经理,副董事长,董事,董事,董事,董事,董事,董事,董事,董事"
洛陽欒川鉬業,洛阳矿业集团有限公司,"鸿商产业控股集团有限公司,袁宏林,孙瑞文,程云雷,郭义民,李朝春,李发本,李树华,王友贵,严冶,寇幼敏,琚成新,贾留生,王延文,任建国,贾忠会,宋念平,贾宗植,李聪显,张金龙","董事长,总经理,董事,董事,董事,董事,董事,董事,董事,监事会主席"
舜宇光學科技,舜宇光學科技,None,None
耐世特汽車系統,耐世特(中国)投资有限公司,"JIANQIANG FAN,任翊,褚晓斌,李军,徐英杰,王昕,褚晓斌","董事长,总经理,董事,董事,监事"
重藥控股,重藥控股,None,None
上海實業控股,上海實業控股,None,None
安道麥,安道麥,None,None
中國忠旺控股,中國忠旺控股,None,None
聯華超市,聯華超市,None,None
遠東宏信,遠東宏信,None,None
金髮科技,金髮科技,None,None
山西潞安環保能源開發,申生太,"张日林,肖军,肖军,苗润田,杨计先,梁安文,佐江宏,芦志刚",
蘇州金螳螂建築裝飾,苏州金螳螂企业(集团)有限公司,"苏州工业园区金月金属制品有限公司,昆山市沪昆市场投资开发建设管理有限公司,苏州市锦联经贸有限公司,王汉林,曹黎明,ZHU MING,施国平,万解秋,俞雪华,张新宏,赵增耀,朱兴泉,钱萍,顾雪华,顾雪华,顾雪华,顾雪华,顾雪华,沈雄,顾雪华,顾雪华,叶剑,刘超英","董事长,董事兼总经理,董事,董事,董事,董事,董事,董事,董事,监事"
晶科能源控股,晶科能源控股,None,None
愛奇藝,龚宇,"曾颖,张文","执行董事,总经理,监事"
北大資源(控股),北大資源(控股),None,None
仁恆置地,仁恒(中国)投资集团有限公司,"ZHONG SILIANG,陈耀玲,章浩宁,陈志伟","总经理,董事长,董事,董事,监事"
同方,同方股份有限公司,"北京瑞德锐科技有限责任公司,薛霖,高志,汤乐萍,吴黎明,赵大奇,侯颖,柴燕玲,张海燕,阎军,徐继峥,张伟,曹瑞川,罗晓渝","董事长,董事,经理,董事,董事,董事,监事会主席,监事,监事"
阿特斯太陽能,苏州高新区经济发展集团总公司,"苏州科技城发展有限公司,阿特斯(中国)投资有限公司,瞿晓铧（XiaoHuaQu）,章灵军,周驿,李本成,李国祥,瞿锋（FENGQU）,罗建华,屈晓云,张国兴","董事长,总经理,副董事长,董事,董事,董事,监事,监事,监事"
山鷹國際控股,吴明武,"陈菡,房桂干,连巧灵,潘金堂,孙晓民,魏雄文,张家胜,占正奉,朱皖苏,吴明武","董事长兼总经理,董事,董事,董事,董事,董事,董事,监事,监事,监事"
禹洲地產,厦门禹洲鸿图地产开发有限公司,"厦门禹洲集团股份有限公司,林彬煌,林月琴","执行董事,总经理,监事"
五礦資源,五礦資源,None,None
烽火通信科技,武汉邮电科学研究院,"武汉现代通信电器厂,湖南三力通信经贸公司,湖北东南实业开发有限责任公司,华夏国际邮电工程有限公司,武汉新能实业发展有限公司,鲁国庆,陈山枝,戈俊,何书平,胡华夏,梁军,刘会亚,陶军,田志龙,岳琴舫,汪洋,汪洋,章辉,郑金琪","董事长,董事,董事,董事,董事,董事,董事,董事,董事,董事"
江蘇洋河酒廠,江苏洋河集团有限公司,"上海海烟物流发展有限公司,上海捷强烟草糖酒(集团)有限公司,杨廷栋,张雨柏,陈宗敬,冯攀台,朱广生,钟玉叶,周新虎,张联东,钟雨,丛学年,李民富,刘化霜,路国平,毛凌霄,聂尧,王凯,赵曙明,钟雨,郑步军","董事长,副董事长,董事,董事,董事,董事,董事,董事,董事,董事"
安踏體育用品,丁世家,"赖世贤,赖世贤","执行董事兼总经理,监事"
大商,大商,None,None
內蒙古鄂爾多斯資源,內蒙古鄂爾多斯資源,None,None
江蘇長電科技,江苏新潮科技集团有限公司,"上海恒通资讯网络有限公司,厦门永红集团有限公司,江阴长江电子有限公司,杭州士兰微电子股份有限公司,周子学,郑力,PAN QING（潘青）,高永岗,李建新,罗宏伟,任凯,石瑛,张春生,林桂凤,俞红,王新潮,黄正川,杨国江,杨国江,杨国江,沈阳","董事长,总经理,董事,董事,董事,董事,董事,董事,董事,董事,监事"
海通證券,海通證券,None,None
歌爾,歌爾,None,None
中國聯塑,中國聯塑,None,None
珠海華發實業,珠海经济特区华发集团公司,"珠海经济特区房地产开发总公司,李光宁,陈茵,郭凌勇,汤建军,丁煌,高子程,王跃堂,谢刚,张学兵,郭瑾,徐向荣","董事长,副董事长,总经理,副总经理,副董事长,副董事长,独立董事,独立董事,独立董事,独立董事,独立董事,董事"
浙江大華技術,傅利泉,"吴军,陈爱玲,刘翰林,杨华勇,张兴明,张玉利,朱江明,宋卯元,郑洁萍,江小来,苏胜林,金洪强,李勇,吴军,周金柱,王晋仕","董事长兼总经理,副董事长,董事,董事,董事,董事,董事,董事,监事,监事"
首創置業,李松平,"邓文斌,范书斌,黄自权,孙宝杰,李章,蒋和斌,汤亚楠","董事长,董事,经理,董事,董事,董事,监事会主席,监事,监事"
揚子江船業,揚子江船業,None,None
寶業,中国冶金科工股份有限公司,"中冶建筑研究总院有限公司,上海宝恒经济发展有限公司,北京中冶和坤天冕工程技术有限公司,高武久,陈刚,朱永贵,裴志清,姜淑兰,施剑栋,袁俊可,李雪广,靳峰,桓向召,朱虹,魏国春,王云高,吴华忠,龙钦宇,赫然,朱中平","董事长,总经理,董事,副董事长,董事,监事,监事,其他人员"
內蒙古西水創業,郭予丰,"李少华,杜业勤,苗文政,苏宏伟,王红英,吴丽娟,吴振平,叶志鸿,赵荣","董事长,总经理,副董事长,董事,董事,董事,董事,董事,董事,董事,董事,监事会主席"
中國電力國際發展,中國電力國際發展,None,None
北京藍色游標數據科技,北京藍色游標數據科技,None,None
中國航發動力,杨森,"李健,贾大风,梁工谦,李军,彭建武,孙洪伟,王珠林,颜建兴,岳云","董事长,总经理,董事,董事,董事,董事,董事,董事,董事,董事"
德邦物流,德邦物流,None,None
中化化肥控股,中化化肥控股,None,None
國泰君安證券,國泰君安證券,None,None
際華,贾世瑞,"刘三省,哈树明,张来亮,郭士进,哈树旺,姜国钧,栗美霞,王桂生,王书林,周志强","董事长,总经理,副董事长,副董事长,董事,董事,董事,董事,董事,董事"
重慶鋼鐵,郭锐勇,"郭锐勇,郭钦荣","执行董事兼总经理,监事"
上海電力,上海电力股份有限公司,"工银金融资产投资有限公司,胡震,苏栋,梁勇,张青庚,马连萍,王薇","董事长,总经理,董事,董事,监事,监事"
廣東領益智造,江门龙信投资管理有限公司,"曾芳勤,贾双谊,邝志云,李东方,余鹏,刘胤琦,谭军,李学华,范伟,刘建锋,周剑","总经理,董事长,副董事长,董事,独立董事,独立董事,独立董事,董事,董事,监事会主席,职工监事,监事,监事"
永泰能源,窦红平,"常胜秋,徐培忠,王军,王文利,邢红梅,赵引贵,崔海良,王忠坤,曹体伦,杨明才,窦红平,时均宇,赵裕河,胡勇","董事兼总经理,副董事长,副董事长,董事,董事,董事,董事,监事,监事,-"
中芯國際積體電路製造,中芯國際積體電路製造,None,None
上海梅林正廣和,上海梅林正廣和,None,None
江蘇國信,江蘇國信,None,None
金融街控股,北京金融街建设集团,"普通股,高靓,杨扬,张巍,朱岩,白力,吕洪斌,王开国,杨小舟,赵鹏,栗谦,盛华平,盛华平,刘世春","董事长,副董事长,独立董事,独立董事,董事,经理,董事,董事,董事,董事,监事会主席"
江西正邦科技,江西永联投资有限公司,"正邦集团有限公司,林峰,程凡贵,黄新建,李汉国,刘道君,黄建军,吴佑发,邹富兴,徐龙,高勇,徐龙,彭琳,赖斌,谭文明,徐龙,姚志锋,杨剑,徐新俭","董事长,董事,董事,董事,董事,监事,监事,监事"
隆基綠能科技,李振国等,"钟宝申,李振国,白忠学,郭菊娥,李寿双,刘学文,田高良,胥大鹏,张茹敏,贺婧","董事长,董事兼总经理,董事,董事,董事,董事,董事,董事,董事,监事"
中海油田服務,中国海洋石油总公司,"赵顺强,方中,林伯强,齐美胜,王桂壎,徐玉高,赵宝顺,彭文,程新生,赵璧,刘宝元,汪福京,谢银球,许伯宏,陈海峰,赵文,郝振山,刘俊彦","总经理,董事长,董事,董事,董事,董事,董事,董事,监事会主席,监事,监事"
納思達,庞江华,"赵宏林,黄文礼,吕勃,朱新峰,汪东颖,严伟,唐天云,谢石松,邹雪城,李尧,庞江华,汪栋杰,王彥国,曾阳云","董事长,总经理,董事,独立董事,独立董事,独立董事,董事,董事,董事,董事,监事会主席"
寧波舟山港,宁波港集团有限公司,"全国社会保障基金理事会,中信港口投资有限公司,宁波宁兴(集团)有限公司,宁波交通投资控股有限公司,宁波开发投资集团有限公司,宁波城建投资控股有限公司,毛剑宏,宫黎明,陈志昂,冯博,江涛,金星,吕靖,盛永校,石焕挺,许永斌,张红波,邬晓强,张红波,阮立新,龚世杰,龚世杰,张红波,陆俊成","董事长,董事兼总经理,董事,董事,董事,董事,董事,董事,董事,董事"
陽煤化工,陽煤化工,None,None
山東太陽紙業,山東太陽紙業,None,None
雲南鋁業,云南冶金集团股份有限公司,"张正基,路增进,许峰,鲍卉芳,陈德斌,丁吉林,焦云,施哲,汪涛,杨继伟,杨光德,李永平,刘永强,赵江,符广怡,张继孔","董事长,董事兼总经理,副董事长,董事,董事,董事,董事,董事,董事,董事"
跨境通寶電子商務,杨建新,"樊梅花,山西睿景企业管理服务有限公司,山西明昌企业管理咨询有限公司,山西恒慧商务服务有限公司,山西诺邦商务服务有限公司,李勇,贾润苹,籍鹏龙,孙俊英,苏长玲,王成斌,徐佳东,张红霞,郑挺颖,高丽,贾润苹","董事长,董事兼总经理,董事,董事,董事,董事,董事,董事,董事,监事"
中國中材國際工程,南京彤天科技实业有限责任公司,"北京联天科技发展有限责任公司,刘燕,印志松,傅金光,蒋中文,焦点,夏之云,余明清,张晓燕,周小明,胡金玉,夏之云,何小龙,王军,王军,施连章,夏之云,王军,夏之云","董事长,董事兼总经理,董事,董事,董事,董事,董事,董事,董事,监事"
冀中能源,河北省人民政府国有资产监督管理委员会,"郝竹山,苏科舜,李军辉,刘万义,王竹民,温建国,贾寅明,晋记川,眭树品,张洪庆,肖明建,刘建功,王务平","董事长,副董事长,总经理,董事,董事,董事,董事,监事,监事,监事,监事"
海越能源,海越能源,None,None
魯西化工,魯西化工,None,None
山東恆邦冶煉,山東恆邦冶煉,None,None
杭州濱江房產,戚金兴,"朱慧明,贾生华,李渊,莫建华,王曙光,汪祥耀,陈国灵,薛蓓蕾,赵军,王赞煜","董事长,董事兼总经理,董事,董事,董事,董事,董事,监事,监事,监事"
光明乳業,上海牛奶(集团)有限公司,"东方希望集团有限公司,濮韶华,罗海,刘向东,李新建,毛惠刚,************贞,金建山,周文,周蕴喆,谢朋军,孙杰,马宝财,陆耀华,陆耀华,刘振民,陆耀华,何国波,陆骏飞,牛慎","董事长,董事兼总经理,董事,董事,董事,董事,监事,监事,监事"
申洲國際,海岸时代控股有限公司,"北京世纪海岸资本有限公司,肖江,蒋成坤","执行董事,经理,监事"
中國生物製藥,中國生物製藥,None,None
達利食品,達利食品,None,None
凌源鋼鐵,凌源钢铁集团有限责任公司,"文广,马育民,冯亚军,黄成仁,李占东,石育斌,孙浩,张君婷,张先治,张海明,苏辉,苏辉,苏辉,苏辉,李庆文,李庆文,苏辉,苏辉,苏辉","董事长,副董事长兼经理,董事,董事,董事,董事,董事,董事,董事,监事会主席"
北控水務,贵阳水务集团有限公司,"夏富军,李祥,李再强,石伟,杨小全,于立国,余美琴,邓启斌,梁莉,谢文","董事长,董事,董事,董事,董事,董事,董事,监事,监事,监事"
上海世茂,许荣茂,"吴凌华,高聪,李大沛,史慧珠,吴泗宗,许世坛,徐士英,许薇薇,董静","董事长,董事兼总经理,董事,董事,董事,董事,董事,董事,董事,监事"
廣州農村商業銀行,自然人等,"蔡建,易雪飞,杜金岷,廖文义,马学铭,张华,冯凯芸,冯耀良,赖志光,朱科,黄子金,董洪峰,孙文,黄莉,林冬,薛海光,许小董,邓哲勇,王实成","董事长,副董事长兼经理,独立董事,独立董事,独立董事,独立董事,独立董事,董事,董事,董事"
中國金屬資源利用,中國金屬資源利用,None,None
上海錦江國際酒店,张晓强,"ZHAO JOHN HUAN,陈礼明,马名驹,孙持平,谢荣兴,张伏波,张晖明,周维,朱虔,陈礼明,沈莉,孙建平,赵智炜,虞瑜,宋兴才,肖波,蒋伟钧,昝琳,贺立迅","董事长,董事,董事,董事,董事,董事,董事,董事,董事,董事"
中國旭陽,中國旭陽,None,None
保利協鑫能源控股,保利協鑫能源控股,None,None
恆安國際,恆安國際,None,None
光明房地產,沈宏泽,"郭强,史剑梅,吴通红,邢秀燕,杨国平,朱凯,黄超,季新峰,罗杰","董事长,董事兼总经理,董事,董事,董事,董事,董事,监事,监事,监事"
浙江英特,姜巨舫,"应徐颉,陈昊,郭俊煜,黄英,杨永军,叶秀昭,张建明,郑春燕,樊晓卿","董事长,董事兼总经理,董事,董事,董事,董事,董事,董事,董事,监事"
開灤能源化工,开滦(集团)有限责任公司,"上海宝钢国际经济贸易有限公司,西南交通大学,中国华融资产管理公司,刘宝珠,彭余生,房承宣,伏军,梁俊娇,李凤明,孙士强,杨喜民,张永军,曹英军,梁希峰,赵国宏","董事长,总经理,董事,董事,董事,董事,董事,董事,董事,董事,监事"
欣旺達電子,欣旺達電子,None,None
傳化智聯,徐冠巨,"徐观宝,陈坚,陈劲,何圣东,吴建华,辛金国,周家海,朱江英,陈捷,王浩然,秦林生,王浩然,王浩然,王浩然,王浩然","董事长,副董事长,董事,董事,董事,董事,董事,董事,董事,监事"
重慶小康工業,重慶小康工業,None,None
福耀玻璃工業,福建省耀华工业村开发有限公司,"曹德旺,叶舒,曹晖,陈向明,刘京,屈文洲,吴世农,张洁雯,************贞,白照华,曹宗华,林武,陈广珠,何世强,曹德旺","董事长,总经理,董事,副董事长,董事,董事,董事,董事,董事,董事,监事"
山東南山鋁業,山東南山鋁業,None,None
龍元建設,龍元建設,None,None
唐山三友化工,唐山三友碱业(集团)有限公司,"唐山三友集团有限公司,西藏自治区投资有限公司,王春生,王铁英,毕经喜,陈爱珍,陈胜华,邓文胜,董维成,李建渊,李瑞新,马连明,张宝祥,张体良,辛兵","董事长,总经理,董事,董事,董事,董事,董事,董事,董事,董事"
平頂山天安煤業,平顶山煤业(集团)有限责任公司,"平顶山制革厂,潘树启,王新义,陈岱松,陈金伟,陈缨,姜涟,康国峰,李延河,卢义玉,涂兴子,杨睿,王新义,王全军,朱永亮,张晋京,王朝安,郭明生,赵广州,王有增,肖珷","董事长,董事兼总经理,董事,董事,董事,董事,董事,董事,董事,董事"
中航沈飛,中航沈飛,None,None
新疆八一鋼鐵,中国宝武钢铁集团有限公司,"新疆投资发展（集团）有限责任公司,工银金融资产投资有限公司,中银金融资产投资有限公司,农银金融资产投资有限公司,交银金融资产投资有限公司,建信金融资产投资有限公司,新疆维吾尔自治区融资担保有限责任公司,吴彬,柯善良,陈海涛,冯义,华爱军,裴娜颖,王健,姚林龙,张铁华,方蕾,贾绪斌,陈军,杨卫兵,朱晓华,李川阳","董事长,董事兼总经理,董事,董事,董事,董事,董事,董事,董事,监事"
深圳市中金嶺南有色金屬,王碧安,"张木毅,洪叶荣,黄俊辉,黎锦坤,刘放来,罗绍德,唐毅,王伟东,何利玲,伏志宏,罗付兴,罗泽华,吴涛,郑耀明,赖洪光,钟勇,田志刚","董事长,总经理,董事,董事,董事,董事,董事,董事,董事,董事,监事"
廣深鐵路,武勇,"胡酃酃,郭继明,胡丹,马时亨,邱自龙,汤小凡,张哲,周尚德,陈少宏,邹旻春,王国东,何益文,吴朝晖,蒋运华,龙建霞,卢华德,付强,邹旻春,高歌","董事长,总经理,董事,董事,董事,董事,董事,董事,董事,董事,监事"
蘇州東山精密製造,蘇州東山精密製造,None,None
保利置業,万宇清,"龚健,郭建全,李广成,王健,崔久衡,陆彦,雪明,雪明","董事长,董事,董事,董事,董事,监事"
寶龍地產控股,寶龍地產控股,None,None
廈門鎢業,廈門鎢業,None,None
康美藥業,康美藥業,None,None
河南豫光金鉛,河南豫光金铅集团有限责任公司,"中国黄金集团公司,济源市财务开发公司,河南省济源市金翔铅盐有限公司,天水荣昌工贸有限责任公司,杨安国,李新战,任文艺,陈荣良,孔祥征,吕文栋,张小国,郑登津,郑远民,李文利,王二波,姚延伟,栗乃瑞,张中明,闫乃青,周东风,张中明,宋爱国,赵乐中,赵艳珍","董事长,董事兼总经理,副董事长,董事,董事,董事,董事,董事,董事,监事会主席"
北京大北農科技,北京大北農科技,None,None
中華企業,李钟,"王政,蔡顺明,邵瑞庆,史剑梅,夏凌,严明勇,黄俊,沈磊,唐喆,陈燕敏","董事长,董事兼总经理,董事,董事,董事,董事,董事,监事,监事,监事"
遼寧成大,尚书志,"葛郁,冯科,赫英南,刘继虎,瞿东波,谢德仁,徐飚,张善伟,于占洋,王广满,张志范,白秋林,葛郁,白秋林,王燕,白秋林,葛郁,彭宝连","董事长,董事兼总经理,董事,董事,董事,董事,董事,董事,董事,监事会主席"
海峽石油化工控股,海峽石油化工控股,None,None
天津泰達,天津市人民政府国有资产监督管理委员会,"天津市财政投资管理中心,天津市国有资产经营有限责任公司,王志勇,曹群,刘荣,卢力平,马长虹,王星炜,翟欣翔,张建强,周立,张书忱","董事长,总经理,董事,董事,董事,董事,董事,董事,董事,董事,监事会主席"
中船海洋與防務裝備,中船海洋與防務裝備,None,None
天虹紡織,杜东超,"仝响,程琳,周霞,柯芳萍","董事长,总经理,董事,董事,监事"
天虹商場,天虹数科商业股份有限公司,"高书林,贺曼曼,万颖,张志标,宋瑶明,王磊,王磊","董事长,总经理,董事,董事,监事"
海瀾之家,海瀾之家,None,None
浙江龍盛,阮伟祥,"阮兴祥,陈显明,贡晗,卢邦义,徐金发,姚建芳,赵刚,周征南,李霞萍,何旭斌,项志峰,贡晗","董事长兼总经理,副董事长,董事,董事,董事,董事,董事,董事,董事,监事"
雲南馳宏鋅鍺,雲南馳宏鋅鍺,None,None
中建西部建設,中建西部建设股份有限公司,"李波,袁雪云,陈刚,申超,李冠英,商卫军","执行董事,监事,经理"
河南神火煤電,河南神火集团有限公司,"永城市皇沟酒业集团总公司,永城市化学工业有限责任公司,永城市纸业有限责任公司,李宏伟,李仲远,崔建友,李炜,谷秀娟,黄国良,马萍,文献军,徐学锋,张伟,张格强,翟俊峰,万占永,陈成宇,赵先亮,洪志国","董事长,总经理,副董事长,副董事长,董事,董事,董事,董事,董事,董事"
人福醫藥,人福醫藥,None,None
中國國際金融,中國國際金融,None,None
深圳能源,王平洋,"李英峰,黄历新,房向东,李明,李平,刘东东,马彦钊,王琮,陈学顺,朱颖,付刚,王成,朱颖,牟志才,卢连成,朱颖","董事长,总经理,董事,副董事长,董事,董事,董事,董事,董事,董事,监事"
搜於特,搜於特,None,None
步步高商業連鎖,步步高商業連鎖,None,None
江蘇東方盛虹,缪汉根,"计高雄,罗玉坤,邱海荣,袁建新,张颂勋,张祥建,陈建,冯琴,李维,徐力,倪根元,蔡建忠","董事长兼总经理,副董事长,董事,董事,董事,董事,董事,监事,监事,监事"
華電福新能源,华电福新能源有限公司,"黄少雄,侯军虎,杜将武,杨明,邵福生,王大陆,何光宏,周卫东,顾金芳,蒋晓明,巴希,刘强,洪顺荣,仇甜根","董事长,董事兼总经理,董事,董事,监事"
廈門金龍汽車,廈門金龍汽車,None,None
中天金融,中天金融,None,None
瑞聲科技控股,瑞聲科技控股,None,None
宜賓天原,宜賓天原,None,None
廣西柳工機械,曾光安,"黄海波,陈雪萍,韩立岩,何世纪,黄敏,李嘉明,苏子孟,王洪杰,俞传芬,王恰恰,徐永飞,龙凤斌,钟伟雄,黄柱,赖增灿,杜丹,周建敏,张建国","董事长,董事兼总经理,董事,董事,董事,董事,董事,董事,董事,董事"
天士力醫藥,闫凯境,"苏晶,蒋晓萌,孙鹤,郭云沛,刘昕,田昆如,吴迺峰,朱永宏,叶正良,王宝艺","董事长,总经理,董事,副董事长,副董事长,独立董事,独立董事,独立董事,董事,董事,监事会主席"
嘉事堂藥業,中国青年实业发展总公司,"新产业投资股份有限公司,北京超市发国有资产经营公司,李朝晖,白石峰,续文利,吴剑,徐永光,张晓崧,蔡卫东,陈昌宏,孙建新,王新侠,许帅,张丽君,俞震卿,邢国忠,俞震卿,邢国忠,俞震卿,俞震卿,俞震卿,俞震卿,邢国忠,俞震卿","董事长,独立董事,独立董事,独立董事,董事,董事,董事,董事,经理,董事,监事会主席"
木林森,孙清焕,"中山市榄芯实业投资有限公司,易亚男,赖爱梅,林文彩,陈国尧,唐国庆,张红,林玉陕,林秋凤,刘天明,赖爱梅,李冠群,易亚男,郑明波,魏玉红,罗燕","独立董事,独立董事,独立董事,监事会主席,监事,职工监事,监事,监事,副总经理,副总经理,其他人员,副总经理,其他人员,副总经理,其他人员"
漢能薄膜發電,汉能薄膜发电应用集团有限公司,"云南汉能光伏发电有限公司,张燕鹏,王燕","执行董事兼总经理,监事"
天地科技,煤炭科学研究总院,"兖矿集团有限公司,大屯煤电(集团)有限责任公司,胡善亭,肖宝贵,丁日佳,孙建科,肖明,范宝营,刘建军,赵寿森,赵玉坤,郑友毅,张彦禄,康红普,雷煌,康红普,康红普,邢庆贵,张世洪,黄乐亭","董事长,总经理,独立董事,独立董事,独立董事,董事,董事,董事,董事,董事"
青海鹽湖工業,青海鹽湖工業,None,None
北京北辰實業,北京北辰实业集团有限责任公司,"李伟东,陈德球,甘培忠,周永健,陈德启,郭川,李云,张文雷,李雪梅,杜艳,魏明乾,王荣材,冷融,崔福水,魏明乾,梁永红,刘铁林,王荣材,翟丹青,陈晓炜","董事长,独立董事,独立董事,独立董事,董事,董事,经理,董事,董事,监事会主席,监事"
湖北興發化工,宜昌兴发集团有限责任公司,"兴山县水电专业公司,宜昌市夷陵国有资产经营有限公司,李国璋,舒龙,曹先军,程亚利,崔大桥,胡坤裔,蒋春黔,李钟华,缪向水,王杰,江元明,杨美洪,吴广,刘勇,吴广,韩定斌,向勇,向勇,明航,郑传云","董事长,董事兼总经理,董事,董事,董事,董事,董事,董事,董事,董事"
中駿,郑晓乐,库卫红,"执行董事,总经理,监事"
石藥,上海医药集团股份有限公司,"沈波,杨弘,张聪,凌文婕,吴燕,陈莉萍,王卫斌,金月仙,杨弘,张雪,孙帆,葛启业,厉震华,丁建弥","董事长,副董事长,董事,监事"
武漢武商,武汉国有资产经营公司,"中国人民保险公司湖北省分公司,武汉证券有限责任公司,陈军,秦琴,陈昌义,洪小燕,陆向民,唐建新,吴可,徐潘华,徐萍,岳琴舫,肖海燕,杨纯,骆菲,贾国启,黄芳慧,杨纯,钟子钦,龙启贵,刘聪,吴秋云","董事长,董事兼总经理,董事,董事,董事,董事,董事,董事,董事,董事"
中糧生物化學,中粮生物科技股份有限公司,"张德国,邓衍宏,卢久灵,张电元,郑一龙,于洁","董事长,董事兼总经理,董事,董事,董事,监事"
齊合環保,姚杰天,,监事
中國山水水泥,中國山水水泥,None,None
中通快遞,赖梅松,"赖建法,王吉雷,胡向亮,张顺昌,商学兵,蓝柏喜,孟峰,上海中通吉速递服务有限公司,徐洪军,赖梅松,赖建法,胡向亮,金任群,赖建昌,蓝柏喜,刘星,王吉雷,魏臻,吴亦兵,俞立,俞立,黄水根,俞立,俞立,何林,高山,陈宝红,俞立,俞立","董事长,董事兼总经理,董事,董事,董事,董事,董事,董事,董事,董事"
中糧屯河糖業,中糧屯河糖業,None,None
遠東智慧能源,青海省创业（集团）有限公司,"中国宝安集团股份有限公司,中国科学院西北高原生物研究所,广州白云山制药股份有限公司,蒋锡培,蒋华君,陈冬华,陈静,蒋承志,郎华,武建东,杨朝军,张希兰,顾国栋","董事长,副董事长,董事,董事,董事,董事,董事,董事,董事,监事"
江蘇恆瑞醫藥,连云港恒瑞集团有限公司,"连云港康缘医药商业有限公司,江苏康缘药业股份有限公司,孙飘扬,戴洪斌,董家鸿,郭丛照,孙杰平,王迁,薛爽,张连山,董伟,李佩晨,李劲松,蒋新华,蔡勇,蒋新华,孙飘扬","董事长,董事,董事,董事,董事,董事,董事,董事,监事,监事"
蘇州勝利精密製造科技,高玉根,"徐家进,陈延良,陈晓明,包燕青,苏州国嘉创业投资有限公司,苏州恒融创业投资有限公司,苏州工业园区友丰创业投资有限公司,苏州元风创业投资有限公司,高玉根,黄辉,刘劲波,徐洋,杨金元,张雪芬,刘龙宇,沈军,张利娟","董事长兼总经理,董事,董事,董事,董事,董事,监事,监事,监事"
億利潔能,王文彪,"王钟涛,李星国,王进,王瑞丰,尹成国,章良忠,杜美厚,张炜,赵美树,王治峰,孟伊拉图,魏强,潘玉芳,潘玉芳","董事长,董事兼总经理,董事,董事,董事,董事,董事,监事会主席,监事,监事"
聞泰科技,张学政,"高岩,王艳辉,肖建华,张秋红,刘海兰,闻延琴,肖学兵","董事长,董事,董事,董事,董事,监事,监事,监事"
方大特鋼科技,江西汽车板簧有限公司,"江铃汽车集团公司,广州市天高有限公司,江西信江实业有限公司,江西省进口汽车配件有限公司,徐志新,常健,敖新华,戴新民,郭相岑,黄智华,李红卫,李晓慧,邱亚鹏,侍乐媛,周潇,王浩","董事长,总经理,董事,董事,董事,董事,董事,董事,董事,董事,董事"
深圳市德賽電池科技,刘其,"何文彬,何文彬,姜捷,李兵兵,李晗,宋文吉,吴礼崇,吴黎明,杨志超","董事长,总经理,董事,董事,董事,董事,董事,董事,董事,董事"
新湖中寶,林俊波,"赵伟卿,蔡家楣,陈淑翠,黄芳,薛安克,徐晓东,叶正猛,黄立程,金雪军","董事长,总经理,董事,董事,董事,董事,董事,董事,监事,监事"
貴研鉑業,云南锡业集团(控股)有限责任公司,,
杭州銀行,杭州士兰创业投资有限公司,"陈向明,刘健,王杰,汤晔,万丰锦源控股集团有限公司,浙江华日实业投资有限公司,精功集团有限公司,华立集团股份有限公司,浙江银杏谷投资有限公司",
佛山市海天調味食品,佛山市海天調味食品,None,None
申通快遞,申通快递股份有限公司,"陈德军,陈德军,韩永彦,申屠军升,王文彬,顾利娟,金建云,王超群,马伟,陈德明,陈德明,陈德明,陈德明,陈德明,陈德明,陈德明,陈德明,陈德明","董事长,董事兼总经理,董事,董事,董事,监事,监事,监事"
廣州視源電子科技,黄正聪,"王毅然,孙永辉,广州视迅投资管理有限公司,于伟,周开琪,尤天远,吴彩平,广州视欣投资管理有限公司,黎立勋,王毅然,王洋,黄继武,林斌,刘恒,黄正聪,杨铭,尤天远,于伟,林伟畴","董事长,董事兼总经理,独立董事,独立董事,独立董事,董事,董事,董事,董事,监事"
海底撈國際控股,海底撈國際控股,None,None
好未來教育,欣欣相融教育科技(北京)有限公司,"樊保荣,赵邯","经理,执行董事,监事"
湖北凱樂科技,荆州市科达商贸投资有限公司,"湖北长信投资有限责任公司,武汉华工创业投资有限责任公司,沈阳裕鹏实业投资有限责任公司,朱弟雄,段和平,韩平,黄忠兵,胡伟,胡振红,毛传金,马圣竣,王纪肖,王平","董事长,董事,董事,董事,董事,董事,董事,董事,董事,董事"
中國船舶工業,中国船舶集团有限公司,"雷凡培,杨金成,董强,陶素云,燕桦,张汝恩,赵小刚,钟坚,丁文强,郝建华,陈琪","董事长,董事兼总经理,董事,董事,董事,董事,董事,董事,监事,监事"
合力泰科技,合力泰科技股份有限公司,"农银金融资产投资有限公司,王永永,林仕希,宋旭东,温泰坤,郑剑芳,江业杭,文萍,朱辉雄,袁小平,文海芳,陈太勇,贾圣宝,郑国清,曾小利","总经理,董事长,董事,董事,董事,董事,监事会主席,监事,监事"
安徽輝隆農資,刘贵华,"程诚,程金华,董庆,马长安,文琼尧,姚迪,张华平,张璇,王中天,徐建钢","董事长兼总经理,董事,董事,董事,董事,董事,董事,董事,董事,监事会主席"
中原銀行,窦荣兴,"************生,贾廷玉,李鸿昌,李乔成,李喜朋,李玉林,弭洪军,庞红,王炯,李超,李德骏,娄向果,蒋亚光,杨宇博,司文洁,谢蕾,余炳南,刘源宏,宋晓燕","董事长,董事,董事,董事,董事,董事,董事,董事,董事,董事"
東方國際創業,朱继东,"李捷,陈子雷,吕毅,史敏,唐晓岚,陶建宇,张荻,赵晓东,程莉,余斌,余斌,余斌,余斌,余斌,余斌,余斌,余斌,余斌,瞿元庆","董事长,董事兼总经理,董事,董事,董事,董事,董事,董事,董事,监事"
江蘇中利,王柏兴,"苏州元风创业投资有限公司,常熟市中聚投资管理有限公司,苏州国发创新资本投资有限公司,昆山市沪昆市场投资开发建设管理有限公司,王启文,王伟峰,陈延立,汇中天恒投资有限公司,李娟,王柏兴,王伟峰,陈波瀚,陈昆,迟梁,郭长兵,蒋悟真,马晓虹,周建新,李文嘉","董事长,副董事长,董事,董事,董事,董事,董事,董事,董事,监事"
信利國際,邱燕英,"邱燕英,胡延府","执行董事,总经理,监事"
中遠海運發展,中国海运（集团）总公司,"王大雄,刘冲,蔡洪平,黄坚,梁岩峰,陆建忠,邵瑞庆,徐辉,叶承智,张卫华","董事长,总经理,董事,董事,董事,董事,董事,董事,董事,董事,董事"
魏橋紡織,山东魏桥创业集团有限公司,"张士学,马桂霞,张波,齐兴礼,张士平,王晓芸,宋守军,李秀平,张红霞,陈树文,陈永祐,刘言昭,魏家坤,张敬雷,张艳红,赵素华,赵素文,王晓芸,魏家坤","董事长兼总经理,董事,董事,董事,董事,董事,董事,董事,董事,监事长"
北汽藍谷新能源科技,成都国营前锋无线电仪器厂,"刘宇,方建一,林雷,柳燕,杨实,代康伟,顾鑫,胡勇,冷炎,宋军","董事长,独立董事,独立董事,独立董事,独立董事,董事,董事,董事,董事,董事"
金凰珠寶,贾志宏,"唐永宝,黄泛,北京首创创业投资有限公司,孙路,赵彬,武汉竹叶山集团股份有限公司,贾志宏,唐晓鹏,王俊,徐正权,杨文,钱磊,陶晶,喻敏","董事长兼总经理,董事,董事,董事,董事,监事,监事,监事"
四川科倫藥業,刘革新,"潘慧,刘亚光,刘亚蜀,刘自伟,崔昆元,廖嵘,薛维刚,魏兵,梁隆,刘革新,刘思川,李越冬,潘慧,王广基,王晶翼,张涛,张腾文,郭云沛,万鹏,崔德修,袁成刚,胡燕英,吴小愚,杨松,廖国栋","董事长,董事兼总经理,董事,董事,董事,董事,董事,董事,监事,监事"
上海申達,上海申达股份有限公司,"陆志军,姚明华,刘叙洪","总经理,执行董事,监事"
供銷大集,供销大集集团股份有限公司,"杜小平,郝彦领,李仲煦,林晓赛,陈德辉","董事长兼总经理,董事,董事,监事"
玉柴國際,广西玉柴物流集团有限公司,"广西通纳汽车销售服务有限公司,陈旭南,陈启贤,欧波,何世英,丘柳川,廖林","董事,董事长,董事,董事,监事,监事,经理"
北京京能清潔能源電力,北京能源集团有限责任公司,"北京国有资本经营管理中心,北京升辉科技开发有限责任公司,北京国际电气工程有限责任公司,北京市热力集团有限责任公司,张凤阳,陈大宇,曹满胜,陈彦璁,高玉明,黄湘,李娟,任启贵,王邦宜,徐大平,李健,赵志刚,杨春风,李明辉,于晓良","董事长,总经理,董事,董事,董事,董事,董事,董事,董事,董事,董事"
