公司代號,公司名稱,稅後淨利
1102,亞洲水泥股份有限公司,1371559
1101,台灣水泥股份有限公司,1999624
1104,環球水泥股份有限公司,183441
1108,幸福水泥股份有限公司,63869
1103,嘉新水泥股份有限公司,59637
1110,東南水泥股份有限公司,61097
1109,信大水泥股份有限公司,35090
1256,鮮活控股股份有限公司,45783
1232,大統益股份有限公司,212608
1227,佳格食品股份有限公司,699669
1231,聯華食品工業股份有限公司,111496
1233,天仁茶業股份有限公司,68672
1216,統一企業股份有限公司,5739800
1702,南僑投資控股股份有限公司,148329
1236,宏亞食品股份有限公司,62845
1201,味全食品工業股份有限公司,247114
1210,大成長城企業股份有限公司,291215
1203,味王股份有限公司,120200
1215,台灣卜蜂企業股份有限公司,68825
1229,聯華實業投資控股股份有限公司,229649
1234,黑松股份有限公司,102664
1213,大西洋飲料股份有限公司,8902
1737,臺鹽實業股份有限公司,42111
1225,福懋油脂股份有限公司,24293
1220,台榮產業股份有限公司,32045
1217,愛之味股份有限公司,12780
1218,泰山企業股份有限公司,16976
1219,福壽實業股份有限公司,23887
1235,興泰實業股份有限公司,27712
1326,台灣化學纖維股份有限公司,8533076
1337,亞洲塑膠再生資源控股有限公司,230132
1301,台灣塑膠工業股份有限公司,5500227
1303,南亞塑膠工業股份有限公司,6938975
1305,華夏海灣塑膠股份有限公司,352668
4306,炎洲股份有限公司,362962
1323,永裕塑膠工業股份有限公司,65827
1307,三芳化學工業股份有限公司,220310
1308,亞洲聚合股份有限公司,130712
1304,台灣聚合化學品股份有限公司,629931
1325,恒大股份有限公司,25156
1324,地球綜合工業股份有限公司,14079
1312,國喬石油化學股份有限公司,217806
1309,台達化學工業股份有限公司,52361
1313,聯成化學科技股份有限公司,169177
1310,台灣苯乙烯工業股份有限公司,25820
1315,達新工業股份有限公司,4765
1321,大洋塑膠工業股份有限公司,1384
1340,勝悅新材料有限公司,291243
1314,中國石油化學工業開發(股)公司,294532
1341,富林塑膠工業(開曼)控股(股)公司,457447
1476,儒鴻企業股份有限公司,591523
1477,聚陽實業股份有限公司,386318
1473,台南企業股份有限公司,86912
4426,利勤實業股份有限公司,51851
1447,力鵬企業股份有限公司,346586
1402,遠東新世紀股份有限公司,3567095
1451,年興紡織股份有限公司,148884
4414,如興股份有限公司,20308
1467,南緯實業股份有限公司,42111
1434,福懋興業股份有限公司,525971
1455,集盛實業股份有限公司,161128
1452,宏益纖維工業股份有限公司,29317
1440,臺南紡織股份有限公司,332155
1466,聚隆纖維股份有限公司,20189
1410,南洋染整股份有限公司,19526
1444,力麗企業股份有限公司,199992
1460,宏遠興業股份有限公司,75161
1414,東和紡織股份有限公司,32362
1465,偉全實業股份有限公司,12926
1445,大宇紡織股份有限公司,17549
1423,利華羊毛工業股份有限公司,21160
1409,新光合成纖維股份有限公司,307862
1446,宏和精密紡織股份有限公司,12310
1470,大統新創股份有限公司,7274
1441,大東紡織股份有限公司,5823
1474,弘裕企業股份有限公司,6892
1439,中和羊毛工業股份有限公司,2636
1454,台灣富綢纖維股份有限公司,2053
1464,得力實業股份有限公司,446
1457,宜進實業股份有限公司,2554
1419,新光紡織股份有限公司,113453
1459,聯發紡織纖維股份有限公司,31297
1463,強盛染整股份有限公司,58674
1417,嘉裕股份有限公司,16629
4438,廣越企業股份有限公司,140147
1413,宏洲纖維工業股份有限公司,7489
1472,三洋實業股份有限公司,83386
1468,昶和纖維興業股份有限公司,8329
4439,冠星集團控股有限公司,259225
1449,佳和實業股份有限公司,57279
4440,宜新實業股份有限公司,173675
1475,台灣業旺股份有限公司,18848
1558,伸興工業股份有限公司,143743
1537,廣隆光電科技股份有限公司,184443
1590,亞德客國際集團,263342
1535,中宇環保工程股份有限公司,177078
1527,鑽全實業股份有限公司,197637
1583,程泰機械股份有限公司,147436
1589,永冠能源科技集團有限公司,84577
1560,中國砂輪企業股份有限公司,117546
1507,永大機電工業股份有限公司,338042
2049,上銀科技股份有限公司,176407
1530,亞崴機電股份有限公司,71530
3167,大量科技股份有限公司,44781
8996,高力熱處理工業股份有限公司,45897
1503,士林電機廠股份有限公司,286220
1531,高林股份有限公司,93431
1532,勤美股份有限公司,335353
1504,東元電機股份有限公司,866177
1539,巨庭機械股份有限公司,29460
1540,喬福機械工業股份有限公司,32850
4532,瑞智精密股份有限公司,222508
1517,利奇機械工業股份有限公司,63101
1513,中興電工機械股份有限公司,109528
1526,日馳企業股份有限公司,9351
1597,直得科技股份有限公司,9539
1528,恩德科技股份有限公司,21604
1514,亞力電機股份有限公司,29044
4526,東台精機股份有限公司,38447
1515,力山工業股份有限公司,10961
1519,華城電機股份有限公司,12602
8374,羅昇企業股份有限公司,20669
1541,錩泰工業股份有限公司,15149
4555,台灣氣立股份有限公司,352699
5288,開曼商豐祥控股股份有限公司,318675
8222,寶一科技股份有限公司,40499
2371,大同股份有限公司,884571
1538,正峰工業股份有限公司,24158
1506,正道工業股份有限公司,6856
4552,力達控股有限公司,758945
4560,強信機械科技股份有限公司,183782
4540,全球傳動科技股份有限公司,98249
4562,穎漢科技股份有限公司,79735
4566,時碩工業股份有限公司,110794
4564,元翎精密工業股份有限公司,189876
1529,樂士股份有限公司,17599
4572,駐龍精密機械股份有限公司,150002
4571,鈞興機電國際股份有限公司,169767
4576,大銀微系統股份有限公司,129645
1626,艾美特(開曼)國際有限公司,262750
1608,華榮電線電纜股份有限公司,237413
1616,億泰電線電纜股份有限公司,59398
1604,聲寶股份有限公司,124514
1611,中國電器股份有限公司,76406
1617,榮星電線工業股份有限公司,16920
1615,大山電線電纜股份有限公司,8195
1612,宏泰電工股份有限公司,20976
1614,台灣三洋電機股份有限公司,19290
1609,大亞電線電纜股份有限公司,27730
1603,中華電線電纜股份有限公司,12030
4930,燦星網通股份有限公司,43850
1618,合機電線電纜股份有限公司,4042
1605,華新麗華股份有限公司,189218
5283,禾聯碩股份有限公司,69638
1722,台灣肥料股份有限公司,2257059
1723,中鋼碳素化學股份有限公司,530189
1726,永記造漆工業股份有限公司,319340
1773,勝一化工股份有限公司,137876
1708,東南實業股份有限公司,158100
1718,中國人造纖維股份有限公司,1263843
1724,台硝股份有限公司,66536
4722,國精化學股份有限公司,35299
1712,興農股份有限公司,140520
1730,花仙子企業股份有限公司,23021
1717,長興材料工業股份有限公司,266331
1710,東聯化學股份有限公司,229687
1709,和益化學工業股份有限公司,117709
1727,臺灣中華化學工業股份有限公司,22863
1711,臺灣永光化學工業股份有限公司,71900
4720,德淵企業股份有限公司,10422
1714,和桐化學股份有限公司,92815
1735,日勝化工股份有限公司,253
1725,元禎企業股份有限公司,18277
1713,國泰化工廠股份有限公司,11987
1721,三晃股份有限公司,4473
1732,毛寶股份有限公司,1557
4755,三福化工股份有限公司,88401
1776,展宇科技材料股份有限公司,34203
4739,康普材料科技股份有限公司,11796
4763,濟南大自然新材料股份有限公司,79591
4764,雙鍵化工股份有限公司,260138
3708,上緯國際投資控股股份有限公司,3534
4766,南寶樹脂化學工廠股份有限公司,1391063
1707,葡萄王生技股份有限公司,233452
1733,五鼎生物技術股份有限公司,125925
4119,旭富製藥科技股份有限公司,53600
1734,杏輝藥品工業股份有限公司,156732
1720,生達化學製藥股份有限公司,119333
3705,永信國際投資控股股份有限公司,142827
1762,中化合成生技股份有限公司,41769
1789,台灣神隆股份有限公司,350164
1795,美時化學製藥股份有限公司,29483
4106,雃博股份有限公司,44398
4104,佳醫健康事業股份有限公司,64503
4737,華廣生技股份有限公司,20378
4133,亞諾法生技股份有限公司,24870
1736,喬山健康科技股份有限公司,80303
3164,景岳生物科技股份有限公司,21216
1786,科妍生物科技股份有限公司,7207
1731,美吾華股份有限公司,22165
1701,中國化學製藥股份有限公司,43497
4108,懷特生技新藥股份有限公司,7854
4164,承業生醫投資控股股份有限公司,4090
4155,訊映光電股份有限公司,82587
1598,岱宇國際股份有限公司,8597
1760,寶齡富錦生技股份有限公司,602
1783,和康生物科技股份有限公司,152
4137,麗豐股份有限公司,508314
4141,龍燈環球農業科技有限公司,58360
4190,佐登妮絲集團股份有限公司,267204
4746,台耀化學股份有限公司,55809
6491,晶碩光學股份有限公司,68962
4148,全宇生技控股有限公司,68639
6666,羅麗芬控股股份有限公司,84665
4142,國光生物科技股份有限公司,1197264
1810,和成欣業股份有限公司,17951
1817,凱撒衛浴股份有限公司,74438
1809,中國製釉股份有限公司,37024
1806,冠軍建材股份有限公司,63033
1802,台灣玻璃工業股份有限公司,379944
1904,正隆股份有限公司,360894
1909,榮成紙業股份有限公司,213811
1907,永豐餘投資控股股份有限公司,171833
1906,寶隆國際股份有限公司,27138
1905,中華紙漿股份有限公司,11677
6790,永豐餘消費品實業股份有限公司,179900
1903,士林紙業股份有限公司,97871
2008,高興昌鋼鐵股份有限公司,613576
3004,豐達科技股份有限公司(原宏達),50070
5007,三星科技股份有限公司,207480
2015,豐興鋼鐵股份有限公司,417314
2013,中國鋼鐵結構股份有限公司,137493
2029,盛餘股份有限公司,189748
2034,允強實業股份有限公司,196540
9958,世紀鋼鐵結構股份有限公司,73852
2031,新光鋼鐵股份有限公司,142168
2006,東和鋼鐵企業股份有限公司,509193
2022,聚亨企業股份有限公司,235888
2020,美亞鋼管廠股份有限公司,86016
2014,中鴻鋼鐵股份有限公司,405851
2002,中國鋼鐵股份有限公司,4877566
2023,燁輝企業股份有限公司,316384
2032,新鋼工業股份有限公司,25802
2027,大成不銹鋼工業股份有限公司,126821
2010,春源鋼鐵工業股份有限公司,95828
2012,春雨工廠股份有限公司,51624
2030,彰源企業股份有限公司,35340
2017,官田鋼鐵股份有限公司,57516
2024,志聯工業股份有限公司,7589
2038,海光企業股份有限公司,11978
2009,第一伸銅科技股份有限公司,17675
2033,佳大世界股份有限公司,301
5538,開曼東明控股股份有限公司,134079
2025,千興不銹鋼(股)公司,53747
2069,運錩鋼鐵股份有限公司,37699
2028,威致鋼鐵工業股份有限公司,11959
2007,燁興企業股份有限公司,15041
2211,長榮鋼鐵股份有限公司,1310339
2114,鑫永銓股份有限公司,114477
2105,正新橡膠工業股份有限公司,4272521
2106,建大工業股份有限公司,769089
2103,台橡股份有限公司,730497
2107,厚生股份有限公司,241187
2102,泰豐輪胎股份有限公司,186433
2108,南帝化學工業股份有限公司,153571
2104,國際中橡投資控股股份有限公司,200511
2109,華豐橡膠工業股份有限公司,74300
2101,南港輪胎股份有限公司,46825
6582,申豐特用應材股份有限公司,767162
2227,裕隆日產汽車股份有限公司,1280846
2207,和泰汽車股份有限公司,2325658
6605,帝寶工業股份有限公司,388898
2233,宇隆科技股份有限公司,56818
2231,為升電裝工業股份有限公司,79178
1339,昭輝實業股份有限公司,70210
2201,裕隆汽車製造股份有限公司,1319163
1338,廣華控股有限公司,51008
1521,大億交通工業製造股份有限公司,54379
1525,江申工業股份有限公司,49001
1536,和大工業股份有限公司,109448
1319,東陽實業廠股份有限公司,334919
1533,車王電子股份有限公司,35597
2204,中華汽車工業股份有限公司,498057
2497,怡利電子工業股份有限公司,38496
1522,堤維西交通工業股份有限公司,126977
1524,耿鼎企業股份有限公司,3825
2206,三陽工業股份有限公司,8630
2228,劍麟股份有限公司,163799
4551,智伸科技股份有限公司,103661
3346,麗清科技股份有限公司,50197
1587,吉茂精密股份有限公司,30634
1568,倉佑實業股份有限公司,21480
6288,聯嘉光電股份有限公司,28691
2115,六暉控股股份有限公司,73300
2236,百達精密工業股份有限公司,265134
4557,永新控股股份有限公司,152238
1592,英瑞國際股份有限公司,397592
2239,開曼英利工業股份有限公司,1141819
2241,艾姆勒車電股份有限公司,15666
2243,宏旭控股股份有限公司,109939
2247,汎德永業汽車股份有限公司,1135655
4581,World Known MFG(Cayman)Limited,110713
2250,第一化成控股(開曼)股份有限公司,118624
2454,聯發科技股份有限公司,3735766
2451,創見資訊股份有限公司,869645
6271,同欣電子工業股份有限公司,325203
3034,聯詠科技股份有限公司,1061336
3189,景碩科技股份有限公司,710718
2330,台灣積體電路製造股份有限公司,39535543
8081,致新科技股份有限公司,124170
2379,瑞昱半導體股份有限公司,730563
8271,宇瞻科技股份有限公司,139158
3257,虹冠電子工業股份有限公司,38581
3054,立萬利創新股份有限公司,83019
2458,義隆電子股份有限公司,376127
6239,力成科技股份有限公司,760538
8016,矽創電子股份有限公司,73636
3443,創意電子股份有限公司,90749
6202,盛群半導體股份有限公司,151125
5471,松翰科技股份有限公司,110986
3588,通嘉科技股份有限公司,29207
3450,聯鈞光電股份有限公司,61359
3006,晶豪科技股份有限公司,155029
3545,敦泰電子股份有限公司,81363
2441,超豐電子股份有限公司,286339
2303,聯華電子股份有限公司,6413694
3035,智原科技股份有限公司,204273
2351,順德工業股份有限公司,96676
3583,辛耘企業股份有限公司,33854
6257,矽格股份有限公司,145353
5269,祥碩科技股份有限公司,23290
4952,凌通科技股份有限公司,36855
4919,新唐科技股份有限公司,65625
2449,京元電子股份有限公司,358499
2436,偉詮電子股份有限公司,43112
3094,聯傑國際股份有限公司,13862
3014,聯陽半導體股份有限公司,32359
2369,菱生精密工業股份有限公司,60351
8131,福懋科技股份有限公司,45489
8110,華東科技股份有限公司,13334
2408,南亞科技股份有限公司,505449
3532,台塑勝高科技股份有限公司,8656
3041,揚智科技股份有限公司,868494
4967,十銓科技股份有限公司,98037
8150,南茂科技股份有限公司,1038800
5285,界霖科技股份有限公司,52282
4961,天鈺科技股份有限公司,46756
4968,立積電子股份有限公司,4097
2401,凌陽科技股份有限公司,104319
2338,台灣光罩股份有限公司,18550
2302,麗正國際科技股份有限公司,1633
2344,華邦電子股份有限公司,78981
6415,矽力杰股份有限公司,347862
3016,嘉晶電子股份有限公司,7909
6451,訊芯科技控股股份有限公司,849538
3661,世芯電子股份有限公司,113124
3413,京鼎精密科技股份有限公司,42871
2434,統懋半導體股份有限公司,320926
2481,強茂股份有限公司,9245
8261,富鼎先進電子股份有限公司,28254
2342,台灣茂矽電子股份有限公司,47437
2329,華泰電子股份有限公司,95971
6525,捷敏股份有限公司,457824
8028,昇陽國際半導體股份有限公司,433043
6552,易華電子股份有限公司,67427
6531,愛普科技股份有限公司,129967
6533,晶心科技股份有限公司,8572
2388,威盛電子股份有限公司,1240085
6573,虹揚發展科技股份有限公司,102075
5222,全訊科技股份有限公司,21607
3530,晶相光電股份有限公司,9962
2363,矽統科技股份有限公司,10263
3536,誠創科技股份有限公司,29040
2337,旺宏電子股份有限公司,202564
6756,威鋒電子股份有限公司,95904
3711,日月光投資控股股份有限公司,14007503
6515,穎崴科技股份有限公司,245352
6243,迅杰科技股份有限公司,13287
2357,華碩電腦股份有限公司,6059660
2362,藍天電腦股份有限公司,1666696
3515,華擎科技股份有限公司,288344
6206,飛捷科技股份有限公司,227619
6230,尼得科超眾科技股份有限公司,145044
2395,研華股份有限公司,866968
8114,振樺電子股份有限公司,87959
6277,宏正自動科技股份有限公司,163519
3416,融程電訊股份有限公司,53487
2382,廣達電腦股份有限公司,4641962
4938,和碩聯合科技股份有限公司,3452992
2376,技嘉科技股份有限公司,607606
3022,威強電工業電腦股份有限公司,283107
4916,事欣科技股份有限公司,53441
2425,承啟科技股份有限公司,78823
3231,緯創資通股份有限公司,1615269
2301,光寶科技股份有限公司,1790907
6128,上福全球科技股份有限公司,63843
8210,勤誠興業股份有限公司,79127
3060,銘異科技股份有限公司,113903
2397,友通資訊股份有限公司,57040
2356,英業達股份有限公司,1604685
2377,微星科技股份有限公司,428094
3057,喬鼎資訊股份有限公司,65979
2387,精元電腦股份有限公司,141930
2399,映泰股份有限公司,56557
2324,仁寶電腦工業股份有限公司,1388433
6166,凌華科技股份有限公司,45297
2331,精英電腦股份有限公司,219037
2353,宏碁股份有限公司,514570
5215,科嘉(開曼)股份有限公司,8655
2442,新美齊股份有限公司,30653
6117,迎廣科技股份有限公司,12467
6235,華孚科技股份有限公司,22233
8163,達方電子股份有限公司,37630
6172,互億科技股份有限公司,5811
3005,神基投資控股股份有限公司,99264
3017,奇鋐科技股份有限公司,20199
2365,昆盈企業股份有限公司,25244
2405,浩鑫股份有限公司,23819
3002,歐格電子股份有限公司,2549
6414,樺漢科技股份有限公司,186948
2424,隴華電子股份有限公司,28421
5258,虹堡科技股份有限公司,30416
3013,晟銘電子科技股份有限公司,9085
2352,佳世達科技股份有限公司,22990
3706,神達投資控股股份有限公司,75742
3494,誠研科技股份有限公司,18744
9912,偉聯科技股份有限公司,4206
2305,全友電腦股份有限公司,3621
2465,麗臺科技股份有限公司,162232
3701,大眾全球投資控股股份有限公司,1927
6591,動力科技股份有限公司,85183
6669,緯穎科技服務股份有限公司,273371
6579,研揚科技股份有限公司,343453
2364,倫飛電腦實業股份有限公司,589
2417,圓剛科技股份有限公司,27399
3046,建碁股份有限公司,3083
3712,永崴投資控股股份有限公司,179775
3673,"TPK Holding Co., Ltd.",4769579
3008,大立光電股份有限公司,1849221
6176,瑞儀光電股份有限公司,1295847
3454,晶睿通訊股份有限公司,194133
3356,奇偶科技股份有限公司,140511
3563,牧德科技股份有限公司,50504
6278,台灣表面黏著科技股份有限公司,439265
3622,洋華光電股份有限公司,175199
5234,達興材料股份有限公司,104189
4960,誠美材料科技股份有限公司,446179
4942,嘉彰股份有限公司,121361
3051,力特光電科技股份有限公司,205777
3504,揚明光學股份有限公司,69327
3019,亞洲光學股份有限公司,123979
2393,億光電子工業股份有限公司,224316
8215,明基材料股份有限公司,166226
6116,瀚宇彩晶股份有限公司,1314613
4935,茂林光電科技(開曼)股份有限公司,58326
3149,正達國際光電股份有限公司,82066
2489,瑞軒科技股份有限公司,247922
4976,佳凌科技股份有限公司,29202
6164,華興電子工業股份有限公司,28150
2486,一詮精密工業股份有限公司,42197
2374,佳能企業股份有限公司,75307
3481,群創光電股份有限公司,1682830
2466,冠西電子企業股份有限公司,23714
2340,光磊科技股份有限公司,94383
2429,銘旺科技股份有限公司,2911
4956,光鋐科技股份有限公司,8216
3049,和鑫光電股份有限公司,70454
3050,鈺德科技股份有限公司,12265
6209,今國光學工業股份有限公司,8859
3038,全台晶像股份有限公司,4555
5484,慧友電子股份有限公司,970
6405,悅城科技股份有限公司,166423
3437,榮創能源科技股份有限公司,332701
4934,太極能源科技股份有限公司,78836
2409,友達光電股份有限公司,661889
6226,光鼎電子股份有限公司,12345
5243,乙盛精密工業股份有限公司,268110
3576,聯合再生能源股份有限公司,200243
3059,華晶科技股份有限公司,32006
6456,GIS Holding Limited,2304270
6431,光麗光電科技股份有限公司,139334
3543,州巧科技股份有限公司,47733
6168,宏齊科技股份有限公司,61162
2406,國碩科技工業股份有限公司,417314
2491,吉祥全球實業股份有限公司,109062
2426,鼎元光電科技股份有限公司,85842
8105,凌巨科技股份有限公司,67793
3383,新世紀光電股份有限公司,23923
3591,艾笛森光電股份有限公司,3614
3535,晶彩科技股份有限公司,3593
2438,翔耀實業股份有限公司,31419
3031,佰鴻工業股份有限公司,12708
6120,達運精密工業股份有限公司,1290190
6477,安集科技股份有限公司,122177
6443,元晶太陽能科技股份有限公司,173241
6668,中揚光電股份有限公司,46593
8104,錸寶科技股份有限公司,120568
3024,憶聲電子股份有限公司,766125
3406,玉晶光電股份有限公司,5890
6706,惠特科技股份有限公司,327406
6289,華上光電股份有限公司,158527
2323,中環股份有限公司,423399
3714,富采投資控股股份有限公司,303675
2450,神腦國際企業股份有限公司,545717
3045,台灣大哥大股份有限公司,3855662
2412,中華電信股份有限公司,9614100
3596,智易科技股份有限公司,172421
2439,美律實業股份有限公司,165564
6152,百一電子股份有限公司,155692
6285,啟碁科技股份有限公司,279109
4904,遠傳電信股份有限公司,2808045
4906,正文科技股份有限公司,223828
5388,中磊電子股份有限公司,118222
2485,兆赫電子股份有限公司,175497
3311,閎暉實業股份有限公司,103790
2455,全新光電科技股份有限公司,132257
6216,居易科技股份有限公司,31054
3047,訊舟科技股份有限公司,67368
8011,台通光電股份有限公司,12541
3682,亞太電信股份有限公司,661563
2332,友訊科技股份有限公司,130995
3062,建漢科技股份有限公司,58733
6136,富爾特科技股份有限公司,18838
6142,友勁科技股份有限公司,38554
2345,智邦科技股份有限公司,69243
3025,星通資訊股份有限公司,8455
2419,仲琦科技股份有限公司,28833
3380,明泰科技股份有限公司,48281
2498,宏達國際電子股份有限公司,85126
3027,盛達電業股份有限公司,5802
2444,兆勁科技股份有限公司,5671
3419,譁裕實業股份有限公司,3334
3669,圓展科技股份有限公司,1540
4977,眾達科技股份有限公司,100548
6416,瑞祺電通股份有限公司,96079
3138,耀登科技股份有限公司,2774
2321,東訊股份有限公司,24007
8101,華冠通訊股份有限公司,131671
3704,合勤投資控股股份有限公司,81892
6442,光紅建聖股份有限公司,117506
6426,統新光訊股份有限公司,56129
2314,台揚科技股份有限公司,5357
6674,鋐寶科技股份有限公司,104811
3694,海華科技股份有限公司,38825
2059,川湖科技股份有限公司,406599
6269,台郡科技股份有限公司,382505
3533,嘉澤端子工業股份有限公司,183342
2308,台達電子工業股份有限公司,4173956
2385,群光電子股份有限公司,993442
4958,臻鼎科技控股股份有限公司,1048006
4999,鑫禾科技股份有限公司,86754
4927,泰鼎國際股份有限公司,126192
3501,維熹科技股份有限公司,144067
3376,新日興股份有限公司,209197
6115,鎰勝工業股份有限公司,196016
8213,志超科技股份有限公司,361003
3044,健鼎科技股份有限公司,608208
2392,正崴精密工業股份有限公司,613148
2355,敬鵬工業股份有限公司,442159
3607,谷崧精密工業股份有限公司,134635
6224,聚鼎科技股份有限公司,79608
1582,信錦企業股份有限公司,130527
2420,新巨企業股份有限公司,129095
6213,聯茂電子股份有限公司,265382
8039,台虹科技股份有限公司,169231
4912,聯德控股股份有限公司,26340
8103,瀚荃股份有限公司,55634
2493,揚博科技股份有限公司,81304
2467,志聖工業股份有限公司,100530
3042,台灣晶技股份有限公司,209434
2428,興勤電子工業股份有限公司,80547
3023,信邦電子股份有限公司,131885
6282,康舒科技股份有限公司,308771
2383,台光電子材料股份有限公司,188710
2462,台灣良得電子股份有限公司,51461
4915,致伸科技股份有限公司,229985
6205,詮欣股份有限公司,40241
3026,禾伸堂企業股份有限公司,155982
3090,日電貿股份有限公司,60839
2472,立隆電子工業股份有限公司,96659
3003,健和興端子股份有限公司,69658
6108,競國實業股份有限公司,78939
3679,新至陞科技股份有限公司,39209
6155,鈞寶電子工業股份有限公司,38280
2456,奇力新電子股份有限公司,65146
3037,欣興電子股份有限公司,554476
3015,全漢企業股份有限公司,90095
6412,群光電能科技股份有限公司,106940
6153,嘉聯益科技股份有限公司,96375
3229,晟鈦股份有限公司,14605
2313,華通電腦股份有限公司,278790
3058,立德電子股份有限公司,33517
2483,百容電子股份有限公司,22462
2476,鉅祥企業股份有限公司,58148
6197,佳必琪國際股份有限公司,27918
2415,錩新科技股份有限公司,11253
3550,聯穎科技股份有限公司,14647
2375,凱美電機股份有限公司,29006
2316,楠梓電子股份有限公司,46464
2484,希華晶體科技股份有限公司,22683
2457,飛宏科技股份有限公司,37185
2421,建準電機工業股份有限公司,30701
2328,廣宇科技股份有限公司,77791
3032,偉訓科技股份有限公司,9737
3645,達邁科技股份有限公司,11089
2327,國巨股份有限公司,199753
2478,大毅科技股份有限公司,21808
8249,菱光科技股份有限公司,9949
3021,鴻名企業股份有限公司,6744
2402,毅嘉科技股份有限公司,19169
3653,健策精密工業股份有限公司,3389
2367,燿華電子股份有限公司,685
3338,泰碩電子股份有限公司,66211
4545,銘鈺精密工業股份有限公司,49475
3605,宏致電子股份有限公司,36147
1471,首利實業股份有限公司,18228
2431,聯昌電子企業股份有限公司,3224
2413,環隆科技股份有限公司,1447
4943,開曼康而富控股股份有限公司,17589
6133,金橋科技股份有限公司,12645
2460,建通精密工業股份有限公司,14718
6251,定穎電子股份有限公司,33398
3092,鴻碩精密電工股份有限公司,2943
5469,瀚宇博德股份有限公司,12567
8046,南亞電路板股份有限公司,10039
3321,同泰電子科技股份有限公司,154681
6449,鈺邦科技股份有限公司,95546
2492,華新科技股份有限公司,63151
6191,精成科技股份有限公司,18977
2368,金像電子(股)公司,198372
3432,台端興業股份有限公司,18734
6141,柏承科技股份有限公司,11686
3296,勝德國際研發股份有限公司,2373
2440,太空梭高傳真資訊科技(股)公司,5821
3308,聯德電子股份有限公司,21732
6672,騰輝電子國際集團股份有限公司,417965
4989,李長榮科技股份有限公司,405912
3011,今皓實業股份有限公司,2945
6715,嘉基科技股份有限公司,68947
3593,力銘科技股份有限公司,2087
6781,"AES Holding Co., Ltd.",607487
8070,長華電材股份有限公司,180182
8072,陞泰科技股份有限公司,165807
6281,全國電子股份有限公司,145956
5434,崇越科技股份有限公司,193088
3010,華立企業股份有限公司,299142
2430,燦坤實業股份有限公司,204616
3036,文曄科技股份有限公司,297547
6189,豐藝電子股份有限公司,151897
3702,大聯大投資控股股份有限公司,1040260
2347,聯強國際股份有限公司,1043105
3028,增你強股份有限公司,114950
3528,安馳科技股份有限公司,27172
3209,全科科技股份有限公司,40912
3033,威健實業股份有限公司,120432
3312,弘憶國際股份有限公司,32119
2414,精技電腦股份有限公司,35633
8112,至上電子股份有限公司,44958
3048,益登科技股份有限公司,37505
3055,蔚華科技股份有限公司,14048
6776,展碁國際股份有限公司,98163
5203,訊連科技股份有限公司,198004
3130,一零四資訊科技股份有限公司,42735
4994,傳奇網路遊戲股份有限公司,40788
6112,聚碩科技股份有限公司,53186
6214,精誠資訊股份有限公司,139135
2480,敦陽科技股份有限公司,75940
2471,資通電腦股份有限公司,23689
6183,關貿網路股份有限公司,29700
2453,凌群電腦股份有限公司,9832
3029,零壹科技股份有限公司,4962
2468,華經資訊企業股份有限公司,120
2427,三商電腦股份有限公司,3467
2474,可成科技股份有限公司,3925731
6409,旭隼科技股份有限公司,159625
2354,鴻準精密工業股份有限公司,2132024
2317,鴻海精密工業股份有限公司,16350324
6192,巨路國際股份有限公司,157328
3617,碩天科技股份有限公司,102026
3665,貿聯控股(BizLink Holding Inc.),96797
2433,互盛股份有限公司,166983
5225,東科控股股份有限公司,68575
3305,昇貿科技股份有限公司,126288
2373,震旦行股份有限公司,306093
2404,漢唐集成股份有限公司,214370
2459,敦吉科技股份有限公司,129541
8201,無敵科技股份有限公司,56724
2461,光群雷射科技股份有限公司,110826
2464,盟立自動化股份有限公司,115426
2360,致茂電子股份有限公司,219953
6139,亞翔工程股份有限公司,83368
3030,德律科技股份有限公司,101151
2488,漢平電子工業股份有限公司,31770
8021,尖點科技股份有限公司,57253
2423,固緯電子實業股份有限公司,36911
6201,亞弘電科技股份有限公司,24815
2312,金寶電子工業股份有限公司,285148
2390,云辰電子開發股份有限公司,33959
2359,所羅門股份有限公司,31283
2495,普安科技股份有限公司,30148
6196,帆宣系統科技股份有限公司,16065
6283,淳安電子股份有限公司,9306
2482,連宇股份有限公司,4973
2477,美隆工業股份有限公司,5507
3518,柏騰科技股份有限公司,124859
6215,和椿科技股份有限公司,21674
6438,迅得機械股份有限公司,198661
3043,科風股份有限公司,49093
3018,同開科技工程股份有限公司,3814
6558,興能高科技股份有限公司,75582
8499,鼎炫投資控股股份有限公司,342169
6743,安普新股份有限公司,222406
6698,旭暉應用材料股份有限公司,31492
9931,欣高石油氣股份有限公司,101128
6505,台塑石化股份有限公司,9587289
9918,欣欣天然氣股份有限公司,89545
2616,山隆通運股份有限公司,59295
9937,全國加油站股份有限公司,121089
8926,台灣汽電共生股份有限公司,223826
9926,新海瓦斯股份有限公司,35847
9908,大台北區瓦斯股份有限公司,68743
5534,長虹建設股份有限公司,4894455
2548,華固建設股份有限公司,3129806
2542,興富發建設股份有限公司,3819216
3056,總太地產開發股份有限公司,364493
3266,昇陽建設企業股份有限公司,636848
5515,建國工程股份有限公司,933488
9946,三發地產股份有限公司(原:金革),401367
5522,遠雄建設事業股份有限公司,1477200
2537,聯上開發股份有限公司,255537
2545,皇翔建設股份有限公司,572503
2535,達欣工程股份有限公司,361553
2597,潤弘精密工程事業股份有限公司,214158
1442,名軒開發股份有限公司,318438
2524,京城建設股份有限公司,289342
2520,冠德建設股份有限公司,336954
6177,達麗建設事業股份有限公司,88905
2505,國揚實業股份有限公司,231251
2546,根基營造股份有限公司,49525
5519,隆大營建事業股份有限公司,45617
2530,大華建設股份有限公司,98021
5533,皇鼎建設開發股份有限公司,67246
2536,宏普建設股份有限公司,86390
2501,國泰建設股份有限公司,362220
2516,新亞建設開發股份有限公司,39294
2538,基泰建設股份有限公司,39019
2511,太子建設開發股份有限公司,104106
1808,潤隆建設股份有限公司,11910
9906,欣巴巴事業股份有限公司,1899
2923,鼎固控股有限公司,94807
5521,工信工程股份有限公司,16290
1438,三地開發地產股份有限公司,3374
3052,夆典科技開發股份有限公司,3497
2543,皇昌營造股份有限公司,463
2515,中華工程股份有限公司,7362
5525,順天建設股份有限公司,498982
2539,櫻花建設股份有限公司,242041
5531,鄉林建設事業股份有限公司,313422
2506,太平洋建設股份有限公司,149754
2841,台灣土地開發股份有限公司,142251
2504,國產建材實業股份有限公司,50038
1453,大將開發股份有限公司,4510
2547,日勝生活科技股份有限公司,8140397
2509,全坤建設開發股份有限公司,445316
3703,欣陸投資控股股份有限公司,243942
2540,愛山林建設開發股份有限公司,200051
1805,寶徠建設股份有限公司,207473
2528,皇普建設股份有限公司,161132
2527,宏璟建設股份有限公司,321940
1436,華友聯開發股份有限公司(原福益),1976
2534,宏盛建設股份有限公司,408743
1456,怡華實業股份有限公司,115747
5546,永固集團股份有限公司,268657
1316,上曜建設開發股份有限公司,326064
2637,慧洋海運股份有限公司,539192
2642,台灣宅配通股份有限公司,62675
2617,台灣航業股份有限公司,254156
2605,新興航運股份有限公司,459930
2612,中國航運股份有限公司,121580
2608,嘉里大榮物流股份有限公司,181412
5608,四維航業股份有限公司,88645
2208,台灣國際造船股份有限公司,179913
2606,裕民航運股份有限公司,197537
5607,遠雄自貿港投資控股股份有限公司,50474
2607,長榮國際儲運股份有限公司,131740
2615,萬海航運股份有限公司,113322
2636,台驊國際投資控股股份有限公司,4203
2611,志信國際股份有限公司,2590
2613,中國貨櫃運輸股份有限公司,971
2634,漢翔航空工業股份有限公司,981889
2633,台灣高速鐵路股份有限公司,2042226
2618,長榮航空股份有限公司,1090509
2610,中華航空股份有限公司,292356
2603,長榮海運股份有限公司,960930
2609,陽明海運股份有限公司,145576
8367,建新國際股份有限公司,119863
2630,亞洲航空股份有限公司,5628
2727,王品餐飲股份有限公司,347294
2707,晶華國際酒店股份有限公司,315791
2731,雄獅旅行社股份有限公司,88829
2723,開曼美食達人股份有限公司,189391
9943,好樂迪股份有限公司,186971
5706,鳳凰國際旅行社股份有限公司,65580
8940,新天地國際實業股份有限公司,58111
2704,國賓大飯店股份有限公司,95533
2702,華園飯店股份有限公司,14872
2706,第一華僑大飯店股份有限公司,44148
2722,夏都國際開發股份有限公司,8505
2701,萬華企業股份有限公司,29108
2712,遠雄悅來大飯店股份有限公司,2835
2739,寒舍餐旅管理顧問股份有限公司,171245
8462,柏文健康事業股份有限公司,87741
2748,雲品國際酒店股份有限公司,135817
2705,六福開發股份有限公司,64016
2753,八方雲集國際股份有限公司,490935
2852,第一產物保險股份有限公司,338619
2881,富邦金融控股股份有限公司,10146416
2809,京城商業銀行股份有限公司,1072401
2888,新光金融控股股份有限公司,7646383
2823,中國人壽保險股份有限公司,2076092
2882,國泰金融控股股份有限公司,7064420
2816,旺旺友聯產物保險股份有限公司,130368
2850,新光產物保險股份有限公司,184568
2887,台新金融控股股份有限公司,5998213
2820,中華票券金融股份有限公司,743755
2886,兆豐金融控股股份有限公司,6187587
2891,中國信託金融控股股份有限公司,6445920
2832,台灣產物保險股份有限公司,179760
6024,群益期貨股份有限公司,43835
2849,安泰商業銀行股份有限公司,813041
2884,玉山金融控股股份有限公司,2268184
2867,三商美邦人壽保險股份有限公司,473852
2845,遠東國際商業銀行股份有限公司,910377
2890,永豐金融控股股份有限公司,2873171
2892,第一金融控股股份有限公司,2970056
2812,台中商業銀行股份有限公司,793972
2838,聯邦商業銀行股份有限公司,699009
2801,彰化商業銀行股份有限公司,2349219
5880,合作金庫金融控股股份有限公司,2408829
2880,華南金融控股股份有限公司,2596760
2851,中央再保險股份有限公司,153388
2855,統一綜合證券股份有限公司,302120
2836,高雄銀行股份有限公司,110709
2885,元大金融控股股份有限公司,1716103
2834,臺灣中小企業銀行股份有限公司,728492
6005,群益金鼎證券股份有限公司,305745
2889,國票金融控股股份有限公司,316731
2883,中華開發金融控股股份有限公司,1461299
5876,上海商業儲蓄銀行股份有限公司,6346923
2897,王道商業銀行股份有限公司,1227155
2929,淘帝國際控股有限公司,90165
2912,統一超商股份有限公司,2268424
8429,金麗集團控股有限公司,188707
5907,Grand Ocean RetailGroupLimited,245069
2915,潤泰全球股份有限公司,1392874
2903,遠東百貨股份有限公司,937525
2908,特力股份有限公司,248482
2913,台灣農林股份有限公司,305342
2910,統領百貨股份有限公司,34898
2911,麗嬰房股份有限公司,49582
2901,欣欣大眾市場股份有限公司,6518
2906,高林實業股份有限公司,9614
2905,三商投資控股股份有限公司,222821
8443,阿瘦實業股份有限公司,23681
2601,益航股份有限公司,43531
8454,富邦媒體科技股份有限公司,518165
2936,客思達股份有限公司,163834
4807,日成控股股份有限公司,83566
2939,凱羿國際集團股份有限公司,62011
1432,大魯閣實業股份有限公司,89289
5906,台南生活(開曼)股份有限公司,2344
8427,基勝（開曼）控股股份有限公司,289621
9914,美利達工業股份有限公司,683844
9921,巨大機械工業股份有限公司,886064
8422,可寧衛股份有限公司,253590
8411,福貞控股股份有限公司,170856
4536,拓凱實業股份有限公司,160048
9941,裕融企業股份有限公司,414191
9902,台火開發股份有限公司,151781
5871,中租控股股份有限公司,1464875
9939,宏全國際股份有限公司,372214
9942,茂順密封元件科技股份有限公司,108156
9927,泰銘實業股份有限公司,264126
2062,橋椿金屬股份有限公司,203133
9917,中興保全科技股份有限公司,468499
9940,信義房屋股份有限公司,478610
6504,南六企業股份有限公司,63097
6184,大豐有線電視股份有限公司,71997
9945,潤泰創新國際股份有限公司,953718
2514,龍邦國際興業股份有限公司,844981
9910,豐泰企業股份有限公司,469648
2904,匯僑股份有限公司,49133
9930,中聯資源股份有限公司,161904
9933,中鼎工程股份有限公司,584007
9905,大華金屬工業股份有限公司,184832
9802,鈺齊國際股份有限公司,68506
9925,台灣新光保全股份有限公司,214286
9904,寶成工業股份有限公司,2049213
9944,新麗企業股份有限公司,50493
9938,台灣百和工業股份有限公司,143500
9924,台灣福興工業股份有限公司,65225
9911,台灣櫻花股份有限公司,83675
8404,百和興業股份有限公司(開曼),58009
9907,統一實業股份有限公司,329712
9919,康那香企業股份有限公司,23300
3040,遠見科技股份有限公司,12406
1516,川飛能源股份有限公司,1029
3557,嘉威生活股份有限公司,6419
9955,佳龍科技工程股份有限公司,6574
2496,卓越成功股份有限公司,1657
9934,成霖企業股份有限公司,1777
2348,海悅國際開發股份有限公司,66844
2614,東森國際股份有限公司,449958
8467,波力環球企業股份有限公司,169810
2443,億麗科技股份有限公司,768007
5284,經寶精密控股股份有限公司,105631
8033,雷虎科技股份有限公司,8639
1416,廣豐實業股份有限公司,63546
9935,慶豐富實業股份有限公司,246629
1437,勤益投資控股股份有限公司,97146
1435,中福國際(股)公司,3
6464,台灣數位光訊科技股份有限公司,489555
8464,億豐綜合工業股份有限公司,877844
8463,潤泰精密材料股份有限公司,157831
8341,日友環保科技股份有限公司,129771
8480,泰昇國際(控股)有限公司,167683
8466,美吉吉國際股份有限公司,340870
8488,吉源控股股份有限公司,264385
8442,威宏控股股份有限公司,196685
8473,山林水環境工程股份有限公司,395972
8481,政伸企業股份有限公司,114384
6670,復盛應用科技股份有限公司,1713614
8478,東哥企業股份有限公司,190542
6655,科定企業股份有限公司,179513
6581,台灣鋼聯股份有限公司,313607
6625,必應創造股份有限公司,17018
9929,秋雨創新股份有限公司,132252
8482,商億全球控股有限公司,1097427
6671,三能集團控股股份有限公司,316891
6592,和潤企業股份有限公司,1350244
6641,基士德科技股份有限公司,75529
2358,廷鑫興業股份有限公司,12384
6165,浪凡網路科技股份有限公司,2647
6754,匯僑室內裝修設計股份有限公司,105684
1342,八貫企業股份有限公司,159949
1443,立益紡織股份有限公司,38471
6768,志強國際企業股份有限公司,1048586
4205,中華食品實業股份有限公司,29134
4207,環泰企業股份有限公司,79889
1258,其祥生物科技控股有限公司,11762
1264,德麥食品股份有限公司,139455
1796,金穎生物科技股份有限公司,9423
4305,世坤塑膠股份有限公司,36162
9950,萬國通路股份有限公司,23689
4303,信立化學工業股份有限公司,10685
4304,勝昱科技股份有限公司,4817
4432,銘旺實業股份有限公司,82745
4401,東隆興業股份有限公司,135207
4417,金洲海洋科技股份有限公司,49885
6506,(又又)邦實業股份有限公司,13873
4429,聚紡股份有限公司,4765
4420,光明絲織廠股份有限公司,4147
4433,興采實業股份有限公司,62044
4406,新昕纖維股份有限公司,269
4413,飛寶企業股份有限公司,5472
4402,福大材料科技股份有限公司,49579
4419,元勝國際實業股份有限公司,81275
8083,瑞穎股份有限公司,48396
8255,朋程科技股份有限公司,103429
1580,新麥企業股份有限公司,61965
9951,皇田工業股份有限公司,103537
2066,世德工業股份有限公司,30805
4535,至興精機股份有限公司,57798
1591,英屬開曼群島商駿吉控股(股)公司,12691
4506,崇友實業(股)公司,120305
4528,江興鍛壓工業股份有限公司,40123
1570,力肯實業股份有限公司,25177
4523,永彰機電股份有限公司,27417
4533,協易機械工業股份有限公司,60862
6609,台灣瀧澤科技股份有限公司,19095
3685,元創精密車業股份有限公司,7561
1586,和勤精機股份有限公司,8044
2230,泰茂實業股份有限公司,5116
4510,高鋒工業股份有限公司,11744
4527,?霖冷凍機械股份有限公司,8476
6603,富強鑫精密工業股份有限公司,10046
3226,至寶光電股份有限公司,3012
6122,擎邦國際科技工程股份有限公司,386
6425,易發精機股份有限公司,47871
2235,謚源實業股份有限公司,46358
2067,嘉鋼精密工業股份有限公司,12094
4534,慶騰精密科技股份有限公司,23366
3178,公準精密工業股份有限公司,7700
1599,宏佳騰動力科技股份有限公司,7798
4538,大詠城機械股份有限公司,9261
3379,彬台科技股份有限公司,332
4549,桓達科技股份有限公司,163886
4550,長佳機電工程股份有限公司,87219
8027,鈦昇科技股份有限公司,25156
8107,大億金茂股份有限公司,43061
4513,福裕事業股份有限公司,3823
4543,萬在工業股份有限公司,111684
2070,精湛光學科技股份有限公司,66755
3426,台興電子企業股份有限公司,34149
4561,健椿工業股份有限公司,40061
4502,健信科技工業股份有限公司,3266
4503,金雨企業股份有限公司,91
4563,百德機械股份有限公司,163269
4530,宏易創新國際股份有限公司,143167
4568,科際精密股份有限公司,199365
4580,捷流閥業股份有限公司,127934
3162,精確實業股份有限公司,9850
2061,風青實業股份有限公司,5141
4609,唐鋒實業股份有限公司,20777
4706,大恭化學工業股份有限公司,20386
4714,永捷創新科技股份有限公司,9501
4716,大立高分子工業股份有限公司,13351
6509,聚和國際股份有限公司,35106
4711,永純化學工業股份有限公司,9843
4702,中美聯合實業股份有限公司,31878
4707,磐亞股份有限公司,769852
1742,台灣蠟品股份有限公司,6955
4721,美琪瑪國際股份有限公司,4149
4741,泓瀚科技股份有限公司,44652
4754,國碳科技股份有限公司,10286
4767,誠泰工業科技股份有限公司,48511
1565,精華光學股份有限公司,373928
8406,"Ginko International Co., Ltd.",262396
4105,台灣東洋藥品工業股份有限公司,536374
1788,杏昌生技股份有限公司,67791
5312,寶島光學科技股份有限公司,100105
4736,泰博科技股份有限公司,99827
4120,友華生技醫藥股份有限公司,121727
4163,鐿鈦科技股份有限公司,59530
4126,太平洋醫材股份有限公司,92558
4745,合富醫療控股股份有限公司,68728
1781,合世生醫科技股份有限公司,54586
8436,大江生醫股份有限公司,36009
1777,生泰合成工業股份有限公司,26105
8432,東生華製藥股份有限公司,33105
4153,鈺緯科技開發股份有限公司,16941
6130,星寶國際股份有限公司,33601
4747,強生化學製藥廠股份有限公司,14366
1813,寶利徠光學科技股份有限公司,33157
1784,訊聯生物科技股份有限公司,20373
4107,邦特生物科技股份有限公司,48243
4121,優盛醫學科技股份有限公司,40599
1593,祺驊股份有限公司,9614
3118,進階生物科技股份有限公司,14345
4129,聯合骨科器材股份有限公司,17335
4138,曜亞國際股份有限公司,7714
4173,久裕企業股份有限公司,11138
4127,天良生物科技企業股份有限公司,12957
4728,雙美生物科技股份有限公司,13348
4154,樂威科股份有限公司,5286
4111,濟生醫藥生技股份有限公司,10316
4743,合一生技股份有限公司,20590
4130,健亞生物科技股份有限公司,12882
8403,盛弘醫藥股份有限公司,6212
3218,大學光學科技股份有限公司,6945
4114,健喬信元醫藥生技股份有限公司,8674
4161,聿新生物科技股份有限公司,2473
1752,南光化學製藥股份有限公司,1720
4128,中天生物科技股份有限公司,43872
4175,杏一醫療用品股份有限公司,52350
4116,明基三豐醫療器材股份有限公司,15434
4183,福永生物科技股份有限公司,3744
4735,豪展醫療科技股份有限公司,2066
4123,晟德大藥廠股份有限公司,30459
4109,加捷生醫股份有限公司,536
8409,商之器科技股份有限公司,1590
3205,佰研生化科技股份有限公司,560
4139,馬光保健控股股份有限公司,20607
4911,德英生物科技股份有限公司,3714
4160,創源生物科技股份有限公司,559
6472,保瑞藥業股份有限公司,10877
4744,皇將科技股份有限公司,1430
4162,智擎生技製藥股份有限公司,155983
6523,達爾膚生醫科技股份有限公司,239244
6469,大樹醫藥股份有限公司,95854
6496,科懋生物科技股份有限公司,153934
8279,生展生物科技股份有限公司,34774
6527,明達醫學科技股份有限公司,42060
6242,立康生醫事業股份有限公司(亨豐),7849
6569,醫揚科技股份有限公司,51183
6574,霈方國際股份有限公司,86001
6615,慧智基因股份有限公司,16221
6661,威健股份有限公司,21319
6612,應用奈米醫材科技股份有限公司,20888
6662,樂斯科生物科技股份有限公司,40178
4167,松瑞製藥股份有限公司,13130
4157,太景醫藥研發控股股份有限公司,920951
6703,軒郁國際股份有限公司,95368
6747,亨泰光學股份有限公司,58082
6499,益安生醫股份有限公司,359424
4147,中裕新藥股份有限公司,127261
4188,安克生醫股份有限公司,14573
6762,達亞國際股份有限公司,2205
4102,永日化學工業股份有限公司,7065
6767,台灣微創醫療器材股份有限公司,18296
4726,永昕生物醫藥股份有限公司,57045
6535,順天醫藥生技股份有限公司,67556
6712,長聖國際生技股份有限公司,54247
5015,華祺工業股份有限公司,41145
2063,世鎧精密股份有限公司,27606
8349,恒耀國際股份有限公司,41285
9962,有益鋼鐵股份有限公司,45654
5016,松和工業股份有限公司,22614
5013,強新工業股份有限公司,52555
5011,久陽精密股份有限公司,4318
8930,青鋼應用材料股份有限公司,1144
2065,世豐螺絲股份有限公司,53056
2064,晉椿工業股份有限公司,74411
5009,榮剛材料科技股份有限公司,52472
8415,大成國際鋼鐵股份有限公司,55212
2035,唐榮鐵工廠股份有限公司,239164
5014,建錩實業股份有限公司,169919
6248,沛波鋼鐵股份有限公司,12218
5102,富強輪胎工廠股份有限公司,5691
8299,群聯電子股份有限公司,1808791
3260,威剛科技股份有限公司,673495
3556,禾瑞亞科技股份有限公司,105885
8088,品安科技股份有限公司,113972
5274,信驊科技股份有限公司,40152
4973,廣穎電通股份有限公司,79776
6147,頎邦科技股份有限公司,737657
6223,旺矽科技股份有限公司,79981
3105,穩懋半導體股份有限公司,789991
6261,久元電子股份有限公司,103926
4966,譜瑞科技股份有限公司,49161
3265,台星科股份有限公司,111994
3529,力旺電子股份有限公司,52108
3438,台灣類比科技股份有限公司,23849
3527,聚積科技股份有限公司,12704
5347,世界先進積體電路股份有限公司,880588
5272,笙科電子股份有限公司,23164
4971,英特磊科技股份有限公司,13912
5425,台灣半導體股份有限公司,172309
5483,中美矽晶製品股份有限公司,219857
3169,亞信電子股份有限公司,19288
6138,茂達電子股份有限公司,48672
3264,欣銓科技股份有限公司,128672
8277,商丞科技股份有限公司,25725
5487,通泰積體電路股份有限公司,3687
3141,晶宏半導體股份有限公司,14864
8054,安國國際科技股份有限公司,10603
3227,原相科技股份有限公司,13447
3317,尼克森微電子股份有限公司,6315
6229,研通科技股份有限公司,423
6435,大中積體電路股份有限公司,65676
4991,環宇通訊半導體控股股份有限公司,40165
6411,晶焱科技股份有限公司,58598
5299,杰力科技股份有限公司,18708
3122,笙泉科技股份有限公司,19188
3581,博磊科技股份有限公司,25452
8024,佑華微電子股份有限公司,18350
3073,天方能源科技股份有限公司,12281
6237,驊訊電子企業股份有限公司,7651
3567,逸昌科技股份有限公司,619
3374,精材科技股份有限公司,288881
3680,家登精密工業股份有限公司,20104
3268,海德威電子工業股份有限公司,309416
6104,創惟科技股份有限公司,38592
3675,德微科技股份有限公司,8036
6129,普誠科技股份有限公司,10766
5351,鈺創科技股份有限公司,7323
6488,環球晶圓股份有限公司,973908
6457,紘康科技股份有限公司,16633
8086,宏捷科技股份有限公司,22930
6233,旺玖科技股份有限公司,418
6510,中華精測科技股份有限公司,196419
6485,點序科技股份有限公司,118169
6494,九齊科技股份有限公司,64719
5236,凌陽創新科技股份有限公司,9552
3372,台灣典範半導體股份有限公司,61742
6103,合邦電子股份有限公司,2495
6182,合晶科技股份有限公司,21798
6568,宏觀微電子股份有限公司,47298
6532,瑞耘科技股份有限公司,28429
6548,長華科技股份有限公司,17187
3555,重鵬生技股份有限公司,2408
5344,立衛科技股份有限公司,446
6198,凌泰科技股份有限公司,17552
6643,?星科技股份有限公司,150329
6640,均華精密工業股份有限公司,118374
6594,展匯科技股份有限公司,30922
6462,神盾股份有限公司,114026
6651,全宇昕科技股份有限公司,27792
5302,太欣半導體股份有限公司,33481
6684,安格科技股份有限公司,83678
6683,雍智科技股份有限公司,101916
6716,應廣科技股份有限公司,72156
4945,陞達科技股份有限公司,17644
6679,鈺太科技股份有限公司,32896
8040,九暘電子股份有限公司,3283
3228,金麗科技股份有限公司,30415
3707,漢磊科技股份有限公司,28469
5314,世紀民生科技股份有限公司,17502
6732,昇佳電子股份有限公司,326275
7556,意德士科技股份有限公司,66289
6788,華景電通股份有限公司,65013
6291,沛亨半導體股份有限公司,4000
3611,鼎翰科技股份有限公司,114775
6121,新普科技股份有限公司,716944
3693,營邦企業股份有限公司,73201
5289,宜鼎國際股份有限公司,82602
3211,順達科技股份有限公司,258246
5356,協益電子股份有限公司,215216
6188,廣明光電股份有限公司,267782
3479,安勤科技股份有限公司,46838
3088,艾訊股份有限公司,70450
4987,科誠股份有限公司,20129
5474,聰泰科技開發股份有限公司,26483
8050,廣積科技股份有限公司,61083
3540,曜越科技股份有限公司,45102
3213,茂訊電腦股份有限公司,36779
5386,青雲國際科技股份有限公司,6932
8234,新漢股份有限公司,61263
6123,上奇科技股份有限公司,21868
5490,同亨科技股份有限公司,39863
3577,泓格科技股份有限公司,18212
4924,欣厚科技股份有限公司,14249
6276,安鈦克科技股份有限公司,15983
5426,振發實業股份有限公司,50875
6161,捷波資訊股份有限公司,33936
3594,磐儀科技股份有限公司,5694
5465,富驊企業股份有限公司,17941
6160,欣技資訊股份有限公司,5651
1569,濱川企業股份有限公司,4297
6150,撼訊科技股份有限公司,2894
8076,伍豐科技股份有限公司,3970
3287,廣寰科技股份有限公司,786
3323,加百裕工業股份有限公司,1428
3272,東碩資訊股份有限公司,55858
8410,森田印刷廠股份有限公司,52069
6228,全譜科技股份有限公司,42300
3652,精聯電子股份有限公司,5925
6441,廣錠科技股份有限公司,69105
5438,東友科技股份有限公司,45061
3483,力致科技股份有限公司,3434
3325,旭品科技股份有限公司,2413
3071,協禧電機股份有限公司,4381
6577,勁豐電子股份有限公司,153865
6570,維田科技股份有限公司,8926
4931,新盛力科技股份有限公司,7429
3521,鴻翊國際股份有限公司,8606
3625,西勝國際股份有限公司,1171
5223,安力國際股份有限公司,67068
3709,鑫聯大投資控股股份有限公司,6739
6680,鑫創電子股份有限公司,51267
3691,碩禾電子材料股份有限公司,183318
5251,天鉞電子股份有限公司,48518
4933,友輝光電股份有限公司,127050
3297,杭特電子股份有限公司,31074
3490,單井工業股份有限公司,29249
3615,安可光電股份有限公司,46410
5392,能率創新股份有限公司,72557
5230,雷笛克光學股份有限公司,22711
5371,中強光電股份有限公司,384739
3531,先益電子工業股份有限公司,28360
5443,均豪精密工業股份有限公司,90924
5432,新門科技股份有限公司,7319
3623,富晶通科技股份有限公司,18392
4972,湯石照明科技股份有限公司,8445
4995,晶達光電股份有限公司,7787
8064,東捷科技股份有限公司,37957
3362,先進光電科技股份有限公司,10469
3441,聯一光電股份有限公司,2509
8240,華宏新技股份有限公司,7989
8049,晶采光電科技股份有限公司,8108
3434,哲固資訊科技股份有限公司,2270
8087,華鎂鑫科技股份有限公司,1159
3128,昇銳電子股份有限公司,1104
3455,由田新技股份有限公司,1520
6419,京晨科技股份有限公司,79149
3666,光耀科技股份有限公司,106330
5245,智晶光電股份有限公司,4526
6125,廣運機械工程股份有限公司,1992
3630,新鉅科技股份有限公司,11816
3230,錦明實業股份有限公司,6599
6244,茂迪股份有限公司,240446
6234,高僑自動化科技股份有限公司,8459
4944,兆遠科技股份有限公司,22421
6167,久正光電股份有限公司,13199
5220,萬達光電科技股份有限公司,140374
7402,邑錡股份有限公司,25694
8069,元太科技工業股份有限公司,54209
5315,光聯科技股份有限公司,56963
6556,勝品電通股份有限公司,46364
6560,欣普羅光電股份有限公司,17294
3516,亞帝歐光電股份有限公司,10577
5281,大峽谷半導體照明系統(開曼),85935
4729,熒茂光學股份有限公司,54253
6246,臺龍電子股份有限公司,14920
8111,立碁電子工業股份有限公司,782
6222,上揚科技股份有限公司,31541
3523,迎輝科技股份有限公司,203003
3339,泰谷光電科技股份有限公司,4970
3066,李洲科技股份有限公司,3246
3713,新晶投資控股股份有限公司,804
6143,振曜科技股份有限公司,150143
3152,璟德電子工業股份有限公司,96753
3564,其陽科技股份有限公司,23671
6245,立端科技股份有限公司,67636
6241,易通展科技股份有限公司(原享承),21612
3491,昇達科技股份有限公司,34072
3163,波若威科技股份有限公司,48397
4909,新復興微波通訊股份有限公司,65230
4979,華星光通科技股份有限公司,32245
6263,普萊德科技股份有限公司,35365
6218,豪勉科技股份有限公司,39096
4908,前鼎光電股份有限公司,36581
3632,研勤科技股份有限公司,13609
3234,光環科技股份有限公司,32250
3363,上詮光纖通信股份有限公司,14734
3466,致振企業股份有限公司,14100
8048,德勝科技股份有限公司,9017
3221,台灣嘉碩科技股份有限公司,11414
3306,鼎天國際股份有限公司,5733
5353,台林電通股份有限公司,7620
6109,亞元科技股份有限公司,487
3558,神準科技股份有限公司,181864
3684,榮昌科技股份有限公司,20895
6163,華電聯網股份有限公司,35373
8089,康全電訊股份有限公司,10337
6417,韋僑科技股份有限公司,4100
6514,芮特科技股份有限公司,42775
3672,康聯訊科技股份有限公司,50484
3664,安瑞科技股份有限公司,44673
8171,天宇工業股份有限公司,25522
8059,凱碩科技股份有限公司,41030
6170,統振股份有限公司,4640
8034,榮群電訊股份有限公司,4372
6190,萬泰科技股份有限公司,2739
3081,聯亞光電工業股份有限公司,280705
6470,宇智網通股份有限公司,42835
6465,威潤科技股份有限公司,18853
4905,台聯電訊股份有限公司,6209
4903,聯合光纖通信股份有限公司,675
6486,互動國際數位股份有限公司,202610
6588,東典光電科技股份有限公司,7692
3095,及成企業股份有限公司,152769
3499,環天世通科技股份有限公司,321
6530,創威光電股份有限公司,18117
6561,是方電訊股份有限公司,257921
8097,常珵科技股份有限公司,19089
8176,智捷科技股份有限公司,4616
5348,系通科技股份有限公司,156421
5321,美而快國際股份有限公司,278584
6279,胡連精密股份有限公司,166053
3689,湧德電子股份有限公司,124559
1595,川寶科技股份有限公司,69033
3290,東浦精密光電股份有限公司,135747
3390,旭軟電子科技股份有限公司,89560
6210,慶生電子股份有限公司,44635
3388,崇越電通股份有限公司,80108
5464,霖宏科技股份有限公司,71012
8042,臺灣金山電子工業股份有限公司,110439
8091,翔名科技股份有限公司,51266
8109,博大科技股份有限公司,48638
3332,幸康電子股份有限公司,38611
6203,海韻電子工業股份有限公司,58655
6185,幃翔精密股份有限公司,74963
8147,正淩精密工業股份有限公司,13343
6292,迅德興業股份有限公司,35493
3537,堡達實業股份有限公司,33888
8043,蜜望實企業股份有限公司,64870
4974,亞泰影像科技股份有限公司,35511
3624,光頡科技股份有限公司,53370
3548,兆利科技工業股份有限公司,30687
6174,安碁科技股份有限公司,29385
3357,西北臺慶科技股份有限公司,49115
6274,台燿科技股份有限公司,135337
6207,雷科股份有限公司,46766
8155,博智電子股份有限公司,22769
6290,良維科技股份有限公司,57189
3631,晟楠科技股份有限公司,34659
3144,新揚科技股份有限公司,43798
5355,佳總興業股份有限公司,75724
3526,凡甲科技股份有限公司,26780
6217,中國探針股份有限公司,20581
6204,台灣艾華電子工業股份有限公司,13430
3114,好德科技股份有限公司,15831
8074,鉅橡企業股份有限公司,9544
3511,矽瑪科技股份有限公司,7799
5439,高技企業股份有限公司,23069
3078,僑威科技股份有限公司,60362
3217,優群科技股份有限公司,20935
3322,建舜電子製造股份有限公司,25699
6194,育富電子股份有限公司,24048
5460,同協電子股份有限公司,16071
4939,亞洲電材股份有限公司,16410
1815,富喬工業股份有限公司,66779
8071,能率網通股份有限公司,9607
8182,加高電子股份有限公司,19254
3646,艾恩特精密工業股份有限公司,7000
6275,元山科技工業股份有限公司,7647
6284,佳邦科技股份有限公司,14875
3206,志豐電子股份有限公司,6059
8289,泰藝電子股份有限公司,11454
3484,崧騰企業股份有限公司,7944
3354,律勝科技股份有限公司,8234
6175,立敦科技(股)有限公司,11566
1336,台翰精密科技股份有限公司,5834
3294,英濟股份有限公司,10613
6124,業強科技股份有限公司,12196
3310,佳穎精密企業股份有限公司,4962
3115,寶島極光股份有限公司,1121
3465,進泰電子科技股份有限公司,785
6158,禾昌興業股份有限公司,3007
5309,系統電子工業股份有限公司,4401
8358,金居開發股份有限公司,6276
5328,華容股份有限公司,4783
5498,凱崴電子股份有限公司,1663
6208,日揚科技股份有限公司,1141
3236,千如電機工業股份有限公司,716
4542,科嶠工業股份有限公司,48755
5291,邑昇實業股份有限公司,44670
3492,長盛科技股份有限公司,45219
6126,信音企業股份有限公司,62654
3597,映興電子股份有限公司,5841
5381,合正科技股份有限公司,58923
6114,久威國際股份有限公司,1920
6173,信昌電子陶瓷股份有限公司,5205
6266,泰詠電子股份有限公司,518
6156,松上電子股份有限公司,2693
8080,永利聯合股份有限公司,53984
6220,岳豐科技股份有限公司,13308
3191,和進電子股份有限公司,85825
6418,詠昇電子股份有限公司,9285
5457,宣德科技股份有限公司,14045
3609,三一東林科技股份有限公司,1340
3276,宇環科技股份有限公司,594
8093,保銳科技股份有限公司,15746
3202,樺晟電子股份有限公司,13143
6432,今展科技股份有限公司,17442
6127,九豪精密陶瓷股份有限公司,4553
6538,倉和股份有限公司,88774
5488,松普科技股份有限公司,669
3512,皇龍開發股份有限公司,17071
6664,群翊工業股份有限公司,267647
6642,富致科技股份有限公司,54301
8038,長園科技實業股份有限公司,769
3207,耀勝電子股份有限公司,864
6134,萬旭電業股份有限公司,23
5340,建榮工業材料股份有限公司,2819
5475,德宏工業股份有限公司,57169
8291,尚茂電子材料股份有限公司,7026
3089,億杰科技股份有限公司,3267
8121,越峰電子材料股份有限公司,224865
3288,點晶科技股份有限公司,368
6727,亞泰金屬工業股份有限公司,90482
3520,華盈電子股份有限公司,5572
6259,百徽股份有限公司,965
8032,光菱電子股份有限公司,57584
6154,順發電腦股份有限公司,33130
8084,巨虹電子股份有限公司,13617
6265,方土昶股份有限公司,19483
6113,亞矽科技股份有限公司,7780
8096,擎亞電子股份有限公司,9338
3444,利機企業股份有限公司,3156
3232,昱捷股份有限公司,1940
6270,倍微科技股份有限公司,809
3224,三顧股份有限公司,3079
6227,茂綸股份有限公司,3204
6118,建達國際股份有限公司,9028
3360,尚立股份有限公司,11596
8068,全達國際股份有限公司,702
8067,志旭國際股份有限公司,232
5201,凱衛資訊股份有限公司,31399
8416,實威國際股份有限公司,23850
3570,大塚資訊科技股份有限公司,15152
8099,大同世界科技股份有限公司,46164
5209,新鼎系統股份有限公司,13770
5403,中菲電腦股份有限公司,23445
5410,國眾電腦股份有限公司,31385
6221,晉泰科技股份有限公司,8644
5211,蒙恬科技股份有限公司,5428
6148,驊宏資通股份有限公司,10518
6404,中國通訊多媒體集團有限公司,79202
4953,緯創軟體股份有限公司,25241
8284,三竹資訊股份有限公司,17185
5310,天剛資訊股份有限公司,14231
6231,系微股份有限公司,516
3147,大綜電腦系統股份有限公司,39796
5202,力新國際科技股份有限公司,471
5212,凌網科技股份有限公司,1036
6516,勤崴國際科技股份有限公司,26765
5210,寶碩財務科技股份有限公司,20680
6590,普鴻資訊股份有限公司,21277
6593,台灣銘板股份有限公司,29367
6697,東捷資訊服務股份有限公司,45686
6140,訊達電腦股份有限公司,637
6690,安碁資訊股份有限公司,28054
6752,叡揚資訊股份有限公司,72892
6751,智聯服務股份有限公司,21893
3131,弘塑科技股份有限公司,124250
5536,聖暉工程科技股份有限公司,114401
3498,陽程科技股份有限公司,132673
3508,位速科技股份有限公司,138563
3551,世禾科技股份有限公司,65018
6146,耕興股份有限公司,89784
3587,閎康科技股份有限公司,42052
3552,同致電子企業股份有限公司,63880
5489,彩富電子股份有限公司,78197
1785,光洋應用材料科技股份有限公司,289357
3093,台灣港建股份有限公司,19803
3628,盈正豫順電子股份有限公司,23275
3541,西柏科技股份有限公司,18916
3303,岱稜科技股份有限公司,43588
6151,晉倫科技股份有限公司,22416
5493,三聯科技股份有限公司,29735
8383,千附實業股份有限公司,37231
3642,駿熠電子科技股份有限公司,10053
6187,萬潤科技股份有限公司,13422
3402,漢科系統科技股份有限公司,9528
3373,熱映光電股份有限公司,3818
3285,微端科技股份有限公司,6115
3663,鑫科材料科技股份有限公司,2791
5452,佶優科技股份有限公司,11191
3324,雙鴻科技股份有限公司,993
8047,星雲電腦股份有限公司,379
3289,宜特科技股份有限公司,28344
8431,匯鑽科技股份有限公司,554
8092,建暐精密科技股份有限公司,128
5383,金利精密工業股份有限公司,17893
8455,蓋曼群島商日本大拓股份有限公司,21782
3219,倚強科技股份有限公司,1298
8183,台灣精星科技股份有限公司,43909
3067,全域股份有限公司,1346
8085,福華電子股份有限公司,3419
4554,橙的電子股份有限公司,42391
6247,淇譽電子科技股份有限公司,34395
5205,中茂能資系統整合科技(股)公司,3065
6512,啟發電子股份有限公司,23794
4760,勤凱科技股份有限公司,9073
6613,朋億股份有限公司,150448
6667,信紘科技股份有限公司,97051
6654,天正國際精密機械股份有限公司,54342
3580,友威科技股份有限公司,16701
8908,欣雄天然氣股份有限公司,53416
8917,欣泰石油氣股份有限公司,28205
8927,北基國際股份有限公司,16804
8931,大園汽電共生股份有限公司,15829
5324,士林開發股份有限公司,1053757
5213,亞昕國際開發股份有限公司,808040
2596,綠意開發股份有限公司,124162
5508,永信建設開發股份有限公司,288371
8424,惠普股份有限公司,28390
6219,富旺國際開發股份有限公司,142213
4113,聯上實業股份有限公司,78447
5520,力泰建設企業股份有限公司,51979
5511,德昌營造股份有限公司,80223
5516,雙喜營造股份有限公司,21985
4416,三圓建設股份有限公司,29297
5512,力麒建設股份有限公司,126135
3489,森寶開發股份有限公司,3957
5206,坤悅開發股份有限公司,171773
3188,鑫龍騰開發股份有限公司,2029
4907,富宇地產股份有限公司,69708
6186,新潤興業股份有限公司,392178
5514,三豐建設股份有限公司,440246
5529,鉅陞國際開發股份有限公司,68432
6264,富裔實業股份有限公司,55411
6171,大城地產股份有限公司,1508
5523,豐謙建設股份有限公司,348998
6212,理銘開發股份有限公司,122165
5543,桓鼎股份有限公司,50829
5455,昇益開發股份有限公司,2090
5603,陸海股份有限公司,10120
5601,臺聯貨櫃通運股份有限公司,6575
5609,中菲行國際物流股份有限公司,59006
2641,正德海運股份有限公司,20040
2643,捷迅股份有限公司,43096
2729,瓦城泰統股份有限公司,66481
2719,燦星國際旅行社股份有限公司,25793
1259,安心食品服務股份有限公司,690
5703,亞都麗緻大飯店股份有限公司,29525
5704,知本老爺大酒店股份有限公司,10326
3522,御頂國際股份有限公司,12207
2718,晶悅國際飯店股份有限公司,3823
2732,六角國際事業股份有限公司,80530
2734,易飛網國際旅行社股份有限公司,25520
3252,海灣國際開發(股)公司,5690
5301,寶得利國際股份有限公司,13950
2724,富驛酒店集團有限公司,6294
5364,力麗觀光開發股份有限公司,12655
2726,雅茗天地股份有限公司,69080
2736,富野大飯店股份有限公司,86535
4804,大略國際控股有限公司,19001
8077,洛碁實業股份有限公司,13793
2740,天蔥國際股份有限公司,70627
2743,山富國際旅行社股份有限公司,66389
2745,五福旅行社股份有限公司,146396
1268,漢來美食股份有限公司,92490
2752,豆府股份有限公司,92446
5701,劍湖山世界股份有限公司,8799
2754,亞洲藏壽司股份有限公司,107176
2755,揚秦國際企業股份有限公司,55792
6023,元大期貨股份有限公司,99532
6020,大展證券股份有限公司,95130
6021,美好證券股份有限公司,79078
5820,日盛金融控股股份有限公司,621316
6015,宏遠證券股份有限公司,88548
6026,福邦證券股份有限公司,51675
5878,台名保險經紀人股份有限公司,23291
6016,康和綜合證券股份有限公司,85059
5864,致和證券股份有限公司,27951
5904,寶雅國際股份有限公司,167898
6195,詩肯股份有限公司,61677
2924,開曼東凌股份有限公司,30237
3171,新洲全球股份有限公司,42341
8433,弘帆股份有限公司,40784
5903,全家便利商店股份有限公司,119736
9960,邁達康網路事業股份有限公司,4959
8066,來思達國際企業股份有限公司,665
5902,德記洋行股份有限公司,1183
2916,滿心企業股份有限公司,7066
8941,關中股份有限公司,5130
5905,南仁湖育樂股份有限公司,2163
2937,集雅社股份有限公司,18971
6728,上洋產業股份有限公司,55827
2947,振宇五金股份有限公司,95023
8354,冠好科技股份有限公司,151283
6803,崑鼎投資控股股份有限公司,166376
8942,森鉅科技材料股份有限公司,251220
2640,台灣大車隊股份有限公司,42816
5530,龍巖股份有限公司,424088
4430,耀億工業股份有限公司,48605
5306,桂盟國際股份有限公司,92250
8929,富堡工業股份有限公司,18918
8435,台灣鉅邁股份有限公司,18983
8933,愛地雅工業股份有限公司,83341
8418,捷必勝控股股份有限公司,36362
8423,保綠資源股份有限公司,7958
8426,紅木集團有限公司,17910
8938,明安國際企業股份有限公司,63984
8936,國統國際股份有限公司,60996
8921,沈氏藝術印刷股份有限公司,14363
3284,太普高精密影像股份有限公司,14647
8932,宏大拉鍊股份有限公司,9570
5604,中連誠企業股份有限公司,18913
8421,旭源包裝科技股份有限公司,4447
8905,裕國冷凍冷藏股份有限公司,6426
2221,大甲永和機械工業股份有限公司,4117
8390,金益鼎企業股份有限公司,5790
5398,慕康生技醫藥股份有限公司,2271
6240,松崗數位文創股份有限公司,2414
5345,天揚精密科技股份有限公司,2172
8935,邦泰複合材料股份有限公司,5769
8937,合騏工業股份有限公司,2239
4529,淳紳股份有限公司,104640
8420,明揚國際科技股份有限公司,55745
4541,晟田科技工業股份有限公司,45818
8444,綠河股份有限公司,57489
8916,光隆實業股份有限公司,70430
8440,綠電再生股份有限公司,15623
5450,南良國際股份有限公司,1519
5276,達輝股份有限公司,88482
8928,鉅明股份有限公司,13160
4950,牧東光電股份有限公司,529250
6236,康呈生醫科技股份有限公司,13575
8401,白紗科技印刷股份有限公司,19176
6179,亞通利大能源股份有限公司,9673
8437,大地幼教股份有限公司,87039
4556,旭然國際股份有限公司,14366
6199,天品聯合企業股份有限公司,4068
8924,大田精密工業股份有限公司,39537
8342,益張實業股份有限公司,53886
8489,三貝德數位文創股份有限公司,13828
8476,台境企業股份有限公司,4809
6624,萬年清環境工程股份有限公司,7962
5481,新華泰富股份有限公司,1181
1584,精剛精密科技股份有限公司,1916
6629,泰金投資控股股份有限公司,198542
6616,特昇國際股份有限公司,13857
3313,斐成企業股份有限公司,56217
8906,花王企業股份有限公司,438
2926,誠品生活股份有限公司,83083
5478,智冠科技股份有限公司,161403
8446,華研國際音樂股份有限公司,24859
6111,大宇資訊股份有限公司,37307
3293,鈊象電子股份有限公司,55070
3546,宇峻奧汀科技股份有限公司,28393
6180,遊戲橘子數位科技股份有限公司,80297
6294,智基科技開發股份有限公司,6095
8923,時報文化出版企業股份有限公司,4427
3083,中華網龍股份有限公司,12766
6101,寬魚國際股份有限公司,8003
9949,琉園股份有限公司,2153
3064,泰偉電子股份有限公司,107
8450,霹靂國際多媒體股份有限公司,170631
5263,智崴資訊科技股份有限公司,100357
4946,紅心辣椒娛樂科技股份有限公司,588
6144,得利影視股份有限公司,527
6482,弘煜科技事業股份有限公司,13963
4806,昇華娛樂傳播股份有限公司,59337
4803,威馳克媒體集團股份有限公司,131127
6542,隆中網絡股份有限公司,58236
6596,寬宏藝術經紀股份有限公司,35585
6169,昱泉國際股份有限公司,3016
3086,華義國際數位娛樂股份有限公司,6429
3629,地心引力股份有限公司,28068
6508,惠光股份有限公司,44420
6578,達邦蛋白股份有限公司,62185
1240,茂生農經股份有限公司,145174
4171,瑞基海洋生物科技股份有限公司,6239
5287,數字科技股份有限公司,78895
5278,尚凡國際創新科技股份有限公司,24659
8044,網路家庭國際資訊股份有限公司,126125
3687,茂為歐買尬數位科技股份有限公司,5846
8472,夠麻吉股份有限公司,44263
8477,創業家兄弟股份有限公司,20568
3085,創新新零售股份有限公司,3725
6741,"91APP, Inc.",102815
1260,富味鄉食品股份有限公司,155124
1293,利統股份有限公司,12951
1343,旭東環保科技股份有限公司,37935
1563,巧新科技工業股份有限公司,352797
4546,長亨精密股份有限公司,46290
4544,春日機械工業股份有限公司,63455
1594,日高工程實業股份有限公司,2224
4553,盛復工業股份有限公司,33701
4559,久裕興業科技股份有限公司,37283
4558,寶緯工業股份有限公司,27882
2245,詠勝昌股份有限公司,50250
4565,宏偉電機工業股份有限公司,41890
2246,凱勝綠能科技股份有限公司,62920
4578,總格精密股份有限公司,79509
4575,銓寶工業股份有限公司,116289
4573,高明鐵企業股份有限公司,93242
6705,振躍精密滑軌股份有限公司,21396
2248,華勝汽車電子股份有限公司,40405
2249,湧盛電機股份有限公司,43272
6606,建德工業股份有限公司,135970
4583,台灣精銳科技股份有限公司,734868
6843,進典工業股份有限公司,47141
4584,君帆工業股份有限公司,92708
6829,千附精密股份有限公司,31236
3430,奇鈦科技股份有限公司,27189
6495,英屬開曼群島商納諾股份有限公司,26227
4765,磐采股份有限公司,35590
4738,尚志精密化學股份有限公司,5608
4768,晶呈科技股份有限公司,15533
4770,上品綜合工業股份有限公司,494538
3184,微邦科技股份有限公司,53259
4117,普生股份有限公司,6948
1780,立弘生化科技股份有限公司,8573
4151,明躍國際健康科技股份有限公司,69212
6539,麗彤生醫科技股份有限公司,15084
4197,暐世生物科技股份有限公司,32215
4169,泰宗生物科技股份有限公司,16017
4186,台灣尖端先進生技醫藥(股)公司,18172
4172,因華生技製藥股份有限公司,3308
6562,聯亞藥業股份有限公司,16084
6518,康科特股份有限公司,19325
6543,普惠醫工股份有限公司,14545
4136,英屬開曼太和生技集團(股)公司,2674
4150,優你康光學股份有限公司,1732
6665,康聯生醫科技股份有限公司,117261
6645,金萬林企業股份有限公司,10077
6493,雷虎生技股份有限公司,2814
6637,醫影股份有限公司,51161
6620,漢達生技醫藥股份有限公司,28597
6621,華宇藥品股份有限公司,5326
6566,創益生技股份有限公司,4023
6677,瑩碩生技醫藥股份有限公司,29205
4732,彥臣生技藥品股份有限公司,2930
6758,冠亞生技股份有限公司,50105
6730,常廣股份有限公司,85892
7555,美萌科技股份有限公司,22965
6744,豐技生物科技股份有限公司,16805
1271,晨暉生物科技股份有限公司,11641
6549,景凱生物科技股份有限公司,23428
6815,晶鑽生醫股份有限公司,44183
4195,基龍米克斯生物科技股份有限公司,75211
7561,光晟生物科技股份有限公司,13722
6797,台灣圓點奈米技術股份有限公司,81938
6782,視陽光學股份有限公司,121075
6817,溫士頓醫藥股份有限公司,17249
6848,拉法生醫股份有限公司,141900
6796,晉弘科技股份有限公司,54124
6610,安成生物科技股份有限公司,25058
9957,燁聯鋼鐵股份有限公司,767582
2071,震南鐵線股份有限公司,89599
2073,雄順金屬股份有限公司,24476
2072,世紀離岸風電設備股份有限公司,54224
3592,瑞鼎科技股份有限公司,464393
4923,力士科技股份有限公司,11857
8179,旭德科技股份有限公司,158645
4951,精拓科技股份有限公司,13683
4925,智微科技股份有限公司,19646
5262,立達國際電子股份有限公司,239018
3150,鈺寶科技股份有限公司,8716
6423,億而得微電子股份有限公司,1154
8227,巨有科技股份有限公司,12761
5297,廣化科技股份有限公司,4954
6693,廣閎科技股份有限公司,22070
6720,久昌科技股份有限公司,6414
6545,擎力科技股份有限公司,5427
6719,力智電子股份有限公司,16087
6708,天擎積體電路股份有限公司,4001
6823,濾能股份有限公司,40340
6789,采鈺科技股份有限公司,613841
6799,來頡科技股份有限公司,40153
6770,力晶積成電子製造股份有限公司,2025282
6819,眾智光電科技股份有限公司,402453
6842,一元素科技股份有限公司,34158
6695,芯鼎科技股份有限公司,56774
3349,寶德科技股份有限公司,28022
3097,拍檔科技股份有限公司,24977
6638,沅聖科技股份有限公司,64124
8119,公信電子股份有限公司,25502
6599,普達系統股份有限公司,32289
6813,富動科技股份有限公司,2834
6737,秀育企業股份有限公司,25705
6825,和暢科技股份有限公司,3099
6831,邁?科技股份有限公司,66933
3627,華信光電科技股份有限公司,80237
3633,云光科技股份有限公司,105111
5248,景傳光電股份有限公司,45237
3659,百辰光電股份有限公司,85330
3485,敘(余+卜+又)豐企業股份有限公司,80087
5267,龍翩真空科技股份有限公司,51144
5240,建騰創達科技股份有限公司,26915
6434,達輝光電股份有限公司,92201
3595,山太士股份有限公司,7781
5244,弘凱光電股份有限公司,1349
6498,久禾光電股份有限公司,39595
3688,華立捷科技股份有限公司,2719
4537,旭東機械工業股份有限公司,4001
5277,葳天科技股份有限公司,53035
3168,眾福科技股份有限公司,6340
8281,歐普羅科技股份有限公司,59009
6559,研晶光電股份有限公司,37402
3678,聯享光電股份有限公司,709
6692,進金生能源服務股份有限公司,15969
6673,和詮科技股份有限公司,22866
4582,聚恆科技股份有限公司,722
6812,梭特科技股份有限公司,150836
6729,機光科技股份有限公司,3899
6775,穎台科技股份有限公司,156903
6839,開陽國際投資控股股份有限公司,79124
6724,創王光電股份有限公司,195241
6403,群登科技股份有限公司,19234
3447,展達通訊股份有限公司,106673
3391,佳得股份有限公司,31493
6546,正基科技股份有限公司,81152
8045,達運光電股份有限公司,42489
6820,連訊通信股份有限公司,21336
6818,連騰科技股份有限公司,4777
6792,詠業科技股份有限公司,159574
6784,天凱科技股份有限公司,8801
6272,驊陞科技股份有限公司,9871
6407,相互股份有限公司,36846
3585,聯致科技股份有限公司,77157
4980,佐臻股份有限公司,12574
3117,年程科技股份有限公司,13306
5228,鈺鎧科技股份有限公司,7448
5271,紘通企業股份有限公司,892
8115,帝聞企業股份有限公司,2345
5254,欣訊科技股份有限公司,13165
6584,南俊國際股份有限公司,233736
6597,立誠光電股份有限公司,5554
6761,穩得實業股份有限公司,49441
7419,達勝科技股份有限公司,16660
6555,榮炭科技股份有限公司,20626
6755,連鋐科技股份有限公司,62224
6805,富世達股份有限公司,19223
6821,聯寶電子股份有限公司,36786
6833,太康精密股份有限公司,177188
6835,圓裕企業股份有限公司,163543
6834,天二科技股份有限公司,40814
3603,建祥國際股份有限公司,1235
3429,彥陽科技股份有限公司,3536
6474,華豫寧股份有限公司,23160
3158,嘉實資訊股份有限公司,34572
8298,威睿科技股份有限公司,63012
6811,宏碁資訊服務股份有限公司,113542
6816,捷智商訊科技股份有限公司,10613
6791,虎門科技股份有限公司,36272
7547,碩網資訊股份有限公司,17785
6565,物聯智慧股份有限公司,1521
5233,有量科技股份有限公司,981
6691,洋基工程股份有限公司,90772
6648,斯其大科技股份有限公司,8812
6689,伊雲谷數位科技股份有限公司,76712
6717,智慧光科技股份有限公司,43070
6750,泰創工程股份有限公司,53221
6735,美達科技股份有限公司,40548
4577,達航科技股份有限公司,32045
6826,和淞科技股份有限公司,289286
6739,竹陞科技股份有限公司,14930
6855,數泓科技股份有限公司,65515
6830,汎銓科技股份有限公司,159106
6840,東研信超股份有限公司,36480
2252,為昇科科技股份有限公司,49529
6639,源大環能股份有限公司,7222
2599,樂揚建設股份有限公司,152309
5547,久舜營造股份有限公司,48978
6757,台灣虎航股份有限公司,981713
6753,龍德造船工業股份有限公司,108316
2733,維格餅家股份有限公司,84749
8359,錢櫃企業股份有限公司,97251
2741,人杰老四川餐飲管理顧問(股)公司,96454
2730,美麗信酒店股份有限公司,10117
1269,乾杯股份有限公司,45469
2750,桃禧航空城大飯店股份有限公司,25941
2756,聯發國際餐飲事業股份有限公司,93656
7566,亞果遊艇開發股份有限公司,17168
2758,路易莎職人咖啡股份有限公司,142754
5863,瑞興商業銀行股份有限公司,52329
6027,德信綜合證券(股)公司,6932
5859,遠雄人壽保險事業股份有限公司,1561035
6028,公勝保險經紀人股份有限公司,44891
2938,床的世界股份有限公司,45068
2942,京站實業股份有限公司,175273
2945,三商家購股份有限公司,119783
2948,寶陞國際股份有限公司,40252
2941,米斯特國際企業股份有限公司,5972
4431,敏成健康科技股份有限公司,11694
8438,昶昕實業股份有限公司,10098
7443,凡事康流體科技股份有限公司,5951
6585,鼎基先進材料股份有限公司,100443
6721,信實保全股份有限公司,49440
6723,傑智環境科技股份有限公司,31945
7516,清淨海生技股份有限公司,17839
6731,啟坤科技股份有限公司,26579
6764,亞洲教育平台股份有限公司,5300
7558,群利科技股份有限公司,54327
6771,平和環保科技股份有限公司,138690
5292,華懋科技股份有限公司,52328
6804,明係事業股份有限公司,59755
7507,環拓科技股份有限公司,69774
6806,森崴能源股份有限公司,8653
6832,金鼎聯合科技纖維股份有限公司,65492
6837,富利康科技股份有限公司,35585
6428,台灣淘米科技股份有限公司,28525
8329,臺灣電視事業股份有限公司,297530
6468,網石棒辣椒股份有限公司,116623
8491,真好玩娛樂科技股份有限公司,9035
8487,愛爾達科技股份有限公司,12270
6626,唯數娛樂科技股份有限公司,124870
6583,友松娛樂股份有限公司,32106
6611,辣椒方舟移動數位股份有限公司,28242
8492,兔將創意影業股份有限公司,25545
6622,百聿數碼創意股份有限公司,2696
6650,帝圖科技文化股份有限公司,37693
6780,學習王科技股份有限公司,12103
6595,光禹國際數位娛樂開發(股)公司,40063
6736,碩辣椒股份有限公司,13117
7452,乂迪生科技股份有限公司,7287
8458,影一製作所股份有限公司,1391
7584,樂意傳播股份有限公司,73938
8465,德河海洋生技(股)公司,3047
6534,正瀚生技股份有限公司,219592
6763,綠界科技股份有限公司,71172
7551,知識科技股份有限公司,2881
1111,欣欣水泥企業股份有限公司,7151
1237,台灣糖業股份有限公司,2054471
1242,新東陽股份有限公司,147361
1246,中聯油脂股份有限公司,34070
1267,京華堂實業股份有限公司,4227
1294,漢田生技股份有限公司,20053
4730,通用矽酮股份有限公司,17883
1328,台灣中油股份有限公司,3292244
4427,展頌股份有限公司,26568
1480,東盟開發實業股份有限公司,72353
1408,中興紡織廠股份有限公司,206058
8041,東元精電股份有限公司,16645
1550,台全電機股份有限公司,454026
2219,鍾慶科技開發股份有限公司,21519
1557,金豐機器工業股份有限公司,80259
1606,歌林股份有限公司,4804
1602,太平洋電線電纜股份有限公司,60633
1619,大展電線電纜股份有限公司,5405
1613,台一國際股份有限公司,32244
1716,永信藥品工業股份有限公司,297255
6452,康友製藥控股有限公司,608069
4170,鑫品生醫科技股份有限公司,31377
1765,長春人造樹脂廠股份有限公司,3347468
1766,大連化學工業股份有限公司,1196740
1775,大東樹脂化學股份有限公司,416224
1764,長春石油化學股份有限公司,3293699
1763,奇美實業股份有限公司,3871717
1769,欣中天然氣股份有限公司,179551
1740,欣桃天然氣股份有限公司,144588
1739,欣雲天然氣股份有限公司,43911
1770,信東生技股份有限公司,117923
1743,大台南區天然氣股份有限公司,40283
1745,欣嘉石油氣股份有限公司,16964
1767,陽明山瓦斯股份有限公司,23365
4189,膠原科技股份有限公司,4863
4115,善德生化科技股份有限公司,30332
4184,昕琦科技股份有限公司,37268
6660,厚美德生物科技股份有限公司,498
4724,宣捷幹細胞生技股份有限公司,11047
4118,友合生化科技股份有限公司,4964
4771,望隼科技股份有限公司,90371
7575,安美得生醫股份有限公司,36108
6844,諾貝兒寶貝股份有限公司,127941
6846,綠茵生技股份有限公司,68448
6850,光鼎生物科技股份有限公司,12537
6795,洹藝科技股份有限公司,7880
6659,天明製藥股份有限公司,23557
2056,璋釔鋼鐵廠股份有限公司,58384
2048,中龍鋼鐵股份有限公司,1774578
2041,燁茂實業股份有限公司,314660
2215,匯豐汽車股份有限公司,397208
2220,南都汽車股份有限公司,205548
2226,中部汽車股份有限公司,204555
2222,桃苗汽車股份有限公司,192412
2225,國都汽車股份有限公司,179565
2218,高都汽車股份有限公司,168874
2254,巨鎧精密工業股份有限公司,100462
8287,英格爾科技股份有限公司,80521
2311,日月光半導體製造股份有限公司,2355988
1333,恩得利工業股份有限公司,8393
6131,鈞泰國際股份有限公司,687
5346,力晶科技股份有限公司,3632090
3507,力群電子股份有限公司,46349
4749,新應材股份有限公司,67538
2325,矽品精密工業股份有限公司,1448346
3572,宏芯科技股份有限公司,9900
3554,精品科技股份有限公司,1593
8029,久尹股份有限公司,7
4949,有成精密股份有限公司,42577
6475,岱煒科技股份有限公司,57572
5295,懷藝精密科技股份有限公司,26891
6517,保勝光學股份有限公司,75638
3539,隨身遊戲股份有限公司,45912
5298,合盈光電科技股份有限公司,11015
4985,富相科技股份有限公司,40587
8152,峻新電腦股份有限公司,20512
3525,就業情報資訊股份有限公司,5146
8015,愛迪亞科技股份有限公司,7735
5246,勵威電子股份有限公司,7449
3510,易鼎股份有限公司,5067
3683,仲博科技股份有限公司,15450
5219,瑪居禮電波工業股份有限公司,5583
8134,泰山電子股份有限公司,11927
3648,漢台科技股份有限公司,3557
3386,新德科技股份有限公司,2791
4548,名超企業股份有限公司,2371
3462,瑋鋒科技股份有限公司,887
5387,茂德科技股份有限公司,34395
8225,華矽半導體股份有限公司,108
8022,正航資訊股份有限公司,7338
3280,龍生工業股份有限公司,27222
5216,台灣優燈股份有限公司,1424
4981,可取國際股份有限公司,6390
3197,源河生技應用股份有限公司,897
2384,勝華科技股份有限公司,711182
8218,輝城電子股份有限公司,5594
6635,瑞利軍工股份有限公司,23301
6658,聯策科技股份有限公司,51870
3656,聯勝光電股份有限公司,57961
3405,津綻石英科技股份有限公司,7943
3463,宏塑工業股份有限公司,5112
6725,台灣矽科宏晟科技股份有限公司,82620
6707,富基電通股份有限公司,47112
6722,輝創電子股份有限公司,11658
8140,利翔航太電子股份有限公司,15516
6742,澤米科技股份有限公司,17905
3369,鐵研科技股份有限公司,5539
3135,凌航科技股份有限公司,176191
7530,鋒魁科技股份有限公司,6714
2580,遠揚營造工程股份有限公司,88134
2549,遠揚建設股份有限公司,129478
5541,廣朋實業股份有限公司,1050
2568,世正開發股份有限公司,131179
1819,豐鼎光波奈米科技股份有限公司,54499
2557,泛亞工程建設股份有限公司,63736
2579,鈺通營造工程股份有限公司,58485
2621,立榮航空股份有限公司,397924
2619,新竹物流股份有限公司,314913
2920,海景世界企業股份有限公司,14983
2716,長榮國際股份有限公司,928649
2711,凱撒大飯店股份有限公司,83045
2751,王座國際餐飲股份有限公司,18572
2759,咖碼股份有限公司,32672
5828,富邦產物保險股份有限公司,793102
5865,富邦人壽保險股份有限公司,5426893
5831,新光人壽保險股份有限公司,6292344
2848,華南產物保險股份有限公司,218548
2877,國泰世紀產物保險股份有限公司,155752
5842,兆豐票券金融股份有限公司,1005318
5848,台新國際商業銀行股份有限公司,3674720
2833,台灣人壽保險股份有限公司,660935
5846,國泰人壽保險股份有限公司,4066409
5841,中國信託商業銀行股份有限公司,5534617
5843,兆豐國際商業銀行股份有限公司,4922643
5835,國泰世華商業銀行股份有限公司,3663488
5836,台北富邦商業銀行股份有限公司,3765865
5849,永豐商業銀行股份有限公司,2792006
5847,玉山商業銀行股份有限公司,2314992
5844,第一商業銀行股份有限公司,2961565
5838,華南商業銀行股份有限公司,2436452
2893,臺灣新光商業銀行股份有限公司,1033264
2837,凱基商業銀行股份有限公司,511140
5854,合作金庫商業銀行股份有限公司,2220253
5834,兆豐產物保險股份有限公司,91536
5850,日盛國際商業銀行股份有限公司,428796
5852,元大商業銀行股份有限公司,703201
5840,國際票券金融股份有限公司,327566
5833,元大證券金融股份有限公司,88977
2863,泰安產物保險股份有限公司,516248
5857,臺灣土地銀行,5042738
5872,匯豐(台灣)商業銀行股份有限公司,2471692
5874,南山人壽保險股份有限公司,7255995
5870,花旗〈台灣〉商業銀行(股),4097182
5858,臺灣銀行股份有限公司,4260945
2894,大慶票券金融股份有限公司,198641
2895,陽信商業銀行股份有限公司,694447
5830,三信商業銀行股份有限公司,215973
2807,渣打國際商業銀行股份有限公司,1336355
5868,臺灣金融控股股份有限公司,3888335
2874,萬通票券金融股份有限公司,182480
5827,華泰商業銀行股份有限公司,203541
5862,板信商業銀行股份有限公司,284870
2873,大中票券金融股份有限公司,130546
2872,台灣票券金融股份有限公司,94726
5875,星展(台灣)商業銀行股份有限公司,232360
2876,宏泰人壽保險股份有限公司,231169
5873,全球人壽保險股份有限公司,471386
24,法商東方匯理銀行台北分行,55055
6029,和泰產物保險股份有限公司,182834
5901,中友百貨股份有限公司,175531
2940,歐都納股份有限公司,5942
5839,中華開發資本股份有限公司,717347
9983,永佳樂有線電視股份有限公司,113104
8960,紅樹林有線電視股份有限公司,52214
5286,欣盟互動股份有限公司,38682
8387,緯來電視網股份有限公司,268095
2858,中租迪和股份有限公司,2029082
9978,長榮空廚股份有限公司,194782
8376,遠鼎投資股份有限公司,3032680
8966,鳳信有線電視股份有限公司,109913
8394,台灣菸酒股份有限公司,5791407
8977,南國有線電視股份有限公司,57021
9985,觀天下有線電視事業股份有限公司,39244
3674,康訊科技股份有限公司,11410
3509,聯禾有線電視股份有限公司,46137
8304,佳聯有線電視股份有限公司,41371
8988,大屯有線電視股份有限公司,36719
8308,中投有線電視股份有限公司,30167
8986,台灣佳光電訊股份有限公司,23175
9963,台灣電力股份有限公司,13978884
8327,洄瀾有線電視股份有限公司,121819
9971,立大開發投資股份有限公司,302235
8350,榮輪科技股份有限公司,207198
8987,東台有線電視事業股份有限公司,56722
8956,台灣數位寬頻有線電視(股)公司,134286
9968,台灣華歌爾股份有限公司,142529
8962,新視波有線電視股份有限公司,158959
8969,北桃園有線電視股份有限公司,92213
8368,屏南有線電視股份有限公司,45189
8957,新唐城有線電視事業股份有限公司,39529
8952,金頻道有線電視(股)公司,59686
8391,森霸電力股份有限公司,716461
8975,觀昇有線電視股份有限公司,93906
8392,星能電力股份有限公司,314539
8951,新竹振道有線電視股份有限公司,89356
9984,全聯有線電視股份有限公司,82779
8983,豐盟有線電視股份有限公司,84225
8967,慶聯有線電視股份有限公司,82971
8963,新台北有線電視(股)公司,51194
8992,新頻道有線電視股份有限公司,67195
8948,北視有線電視(股)公司,93640
8945,大新店民主有線電視股份有限公司,69317
8990,港都有線電視股份有限公司,61551
8978,大安文山有線電視(股)公司,36341
9977,新永安有線電視股份有限公司,80899
8991,三大有線電視股份有限公司,21084
2899,台北金融大樓股份有限公司,1000667
8343,科學城物流股份有限公司,30955
8982,信和有線電視股份有限公司,33830
8968,陽明山有線電視(股)公司,68813
8971,南桃園有線電視(股)公司,129905
8312,東亞有線電視股份有限公司,11561
8305,群健有線電視股份有限公司,145050
8379,欣湖天然氣股份有限公司,55094
8985,國聲有線電視股份有限公司,10087
8973,澎湖有線電視股份有限公司,9806
8976,聯維有線電視股份有限公司,9436
8953,吉隆有線電視股份有限公司,36272
2068,優頻科技材料股份有限公司,27467
8974,世新有線電視股份有限公司,26608
8965,家和有線電視股份有限公司,62398
8995,北港有線電視股份有限公司,7796
9986,南天有線電視股份有限公司,17441
8955,北健有線電視股份有限公司,55919
8309,吉元有線電視股份有限公司,22114
8370,欣隆天然氣股份有限公司,13490
9964,榮僑投資股份有限公司,16915
8981,麗冠有線電視股份有限公司,20026
3601,前源科技股份有限公司,9829
8980,萬象有線電視股份有限公司,11937
8310,長德有線電視股份有限公司,17711
8970,大揚有線電視股份有限公司,2752
8946,雙子星有線電視股份有限公司,1966
6587,鑫聖傳媒製作股份有限公司,13353
8399,聯美林業股份有限公司,11253
9982,三冠王有線電視股份有限公司,11568
6688,海樂影業股份有限公司,11371
6614,資拓宏宇國際股份有限公司,90219
6647,合迪股份有限公司,716964
8469,新高雄有線電視股份有限公司,31187
6726,鑫亞電通股份有限公司,59450
3472,友荃科技實業股份有限公司,110663
6746,全科綜電股份有限公司,9930
6760,金品軒鍊金廠股份有限公司,29532
6779,鋐昇實業股份有限公司,57280
6845,仲信資融股份有限公司,475054
8943,寶福有線電視股份有限公司,11813
8456,天外天數位有線電視股份有限公司,3572
21021,永豐期貨股份有限公司,83565
5866,統一期貨股份有限公司,64449
5867,康和期貨股份有限公司,29948
21141,華南期貨股份有限公司,16034
21301,兆豐期貨股份有限公司,8881
A00001,兆豐國際證券投資信託(股)公司,123380
A00037,國泰證券投資信託股份有限公司,345730
A00005,元大證券投資信託(股)公司,438589
5801,第一金證券投資信託股份有限公司,79466
A00010,富邦證券投資信託股份有限公司,209017
A00012,華南永昌證券投資信託(股)公司,25425
A00014,新光證券投資信託股份有限公司,20709
A00047,台新證券投資信託股份有限公司,36913
A00041,凱基證券投資信託股份有限公司,2069
A00048,合作金庫證券投資信託(股)公司,20410
A00025,永豐證券投資信託股份有限公司,1133
A00026,中國信託證券投資信託(股)公司,51907
2856,元富證券股份有限公司,320101
888,國泰綜合證券股份有限公司,75859
116,日盛證券股份有限公司,215645
960,富邦綜合證券股份有限公司,241966
616,中國信託綜合證券股份有限公司,74371
980,元大證券股份有限公司,711162
6008,凱基證券股份有限公司,410339
700,兆豐證券股份有限公司,144438
0009A0,永豐金證券股份有限公司,115047
930,華南永昌綜合證券股份有限公司,50765
538,第一金證券股份有限公司,32158
779,國票綜合證券股份有限公司,23182
815,台新綜合證券股份有限公司,2163
19,摩根證券股份有限公司,51977
159,花旗環球證券股份有限公司,96862
144,美林證券股份有限公司,125429
856,新光證券股份有限公司,98529
844,摩根大通證券股份有限公司,85459
896,香港上海匯豐證券股份有限公司,46666
890,法銀巴黎證券股份有限公司,23128
532,高橋證券股份有限公司,17581
646,大昌證券股份有限公司,27922
586,盈溢,7732
601,(牛牛牛)亞證券股份有限公司,26751
852,中農證券股份有限公司,3962
767,金港,5629
104,臺銀綜合證券股份有限公司,52357
884,玉山綜合證券股份有限公司,46809
218,亞東證券股份有限公司,104446
702,信富證券股份有限公司,2332
838,安泰證券股份有限公司,4487
870,花旗證券股份有限公司,33374
871,陽信證券股份有限公司,14859
147,台灣摩根士丹利證券股份有限公司,16363
707,豐農證券股份有限公司,2003
645,永全證券股份有限公司,5926
154,雷曼兄弟證券(股)公司,5643
621,新百王證券股份有限公司,2151
102,合作金庫證券股份有限公司,19295
769,金興證券股份限公司,818
849,京城證券股份有限公司,849
569,豐興證券股份有限公司,737
546,寶盛證券股份有限公司,10
596,日茂證券股份有限公司,4414
148,美商高盛亞洲證券(限)台北分公司,149235
152,瑞士信貸銀行(股)台北證券分公司,467688
153,德意志證券亞洲有限台北分公司,134283
157,香港商法國興業證券股台北分公司,52224
165,新加坡商瑞銀證券(股)台北分公司,395893
695,福勝證券股份有限公司,60
638,光和證券股份有限公司,3527
566,日進證券股份有限公司,1491
611,台中銀證券股份有限公司,1274
20,遠智證券股份有限公司,5123
560,永興證券股份有限公司,8422
866,萬通證券股份有限公司,1034
790,豐德證券股份有限公司,590
136,港商麥格理資本(股)台灣證券分公,152616
775,北城證券股份有限公司,85
156,港商野村國際證券(有)台北分公司,814
230,花旗證券股份有限公司,62027
662,口袋證券股份有限公司,9616
55,德商德意志銀行台北分行,565437
60,巴黎銀行,72889
91,美商美國銀行台北分行,593
511,富隆證券股份有限公司,42921
138,台灣匯立證券股份有限公司,16405
889,大和國泰證券股份有限公司,12834
26,荷商安智銀行(股)公司台北分公司,1155
280,法商法國興業銀行(股)台北分公司,337
708,石橋證券股份有限公司,16487
